Раздел;Позиций;Подкадров;Подкадров до 50 %;Подкадров до 80 %;Подкадров до 90 %;Подкадров до 95 %;Подкадров до 99 %;Подкадров до 100 %;Подкадров со своим снимком;Кадров уровня 1
Весь каталог;942384;29300;1281;7998;14609;20144;26525;29300;26584;4522
Кабель и провод;417278;12225;447;3400;6177;8473;11179;12225;11488;1674
Подшипники;116985;1064;60;207;362;530;861;1064;1002;67
Ремни;74897;2371;304;959;1422;1785;2213;2371;2335;45
Низковольтное оборудование;71556;2549;133;742;1351;1837;2360;2549;2293;484
Складское оборудование;30937;1405;108;506;839;1080;1316;1405;1302;181
Лотки и кабеленесущие системы;28341;2355;485;1384;1815;2053;2279;2355;2276;204
Монтажные изделия для кабеля;27126;1043;12;175;383;565;814;1043;591;509
Светильники;24947;1132;89;406;678;871;1063;1132;1056;129
Станки и оборудование;20327;852;65;285;479;627;779;852;723;227
Насосы;20316;877;112;355;542;682;828;877;839;49
Электродвигатели;18265;352;28;91;150;209;304;352;306;58
Трубопроводная арматура;15964;706;69;267;420;540;655;706;642;105
Инструмент;12631;744;58;220;354;460;618;744;394;392
Редукторы;11783;121;11;36;54;72;98;121;99;26
Осветительное оборудование;9791;490;46;193;306;384;460;490;461;44
Строительное оборудование;7785;548;65;247;359;431;498;548;435;166
Шкивы;7242;9;1;3;4;4;6;9;3;6
Кабельные муфты;4286;40;2;4;7;14;28;40;30;15
Звездочки;3832;9;1;3;4;4;5;9;8;1
Конвейерные ленты;3520;45;3;11;18;25;36;45;36;15
Опоры и стойки;2845;33;2;3;6;9;19;33;12;21
Вентиляторы;2631;104;16;43;64;80;98;104;101;8
Рукава;2557;65;9;21;31;42;57;65;46;30
Гидравлика;1724;13;1;3;5;6;10;13;6;7
Высоковольтное оборудование;1452;19;4;8;11;13;16;19;14;10
Цепи;1365;40;4;13;20;27;36;40;31;11
Навесное оборудование;1050;18;3;5;7;10;15;18;10;9
Видеонаблюдение;885;58;6;21;34;43;53;58;41;19
Теплотехника;66;13;3;6;8;10;13;13;4;10
