Раздел;Позиций;Кадров;Кадров до 50 %;Кадров до 80 %;Кадров до 90 %;Кадров до 95 %;Кадров до 99 %;Кадров до 100 %
Весь каталог;942384;4522;89;689;1454;2211;3263;4522
Кабель и провод;417278;1674;47;447;874;1217;1569;1674
Подшипники;116985;67;3;8;13;18;30;67
Ремни;74897;45;3;8;16;23;32;45
Низковольтное оборудование;71556;484;18;98;188;282;426;484
Складское оборудование;30937;181;5;27;53;86;146;181
Лотки и кабеленесущие системы;28341;204;14;59;97;132;182;204
Монтажные изделия для кабеля;27126;509;3;34;79;131;286;509
Светильники;24947;129;7;23;42;63;103;129
Станки и оборудование;20327;227;17;69;116;159;210;227
Насосы;20316;49;4;10;17;24;35;49
Электродвигатели;18265;58;5;13;19;26;45;58
Трубопроводная арматура;15964;105;7;19;34;50;81;105
Инструмент;12631;392;17;69;117;156;266;392
Редукторы;11783;26;2;4;6;7;15;26
Осветительное оборудование;9791;44;3;7;10;13;25;44
Строительное оборудование;7785;166;14;48;77;98;127;166
Шкивы;7242;6;1;3;4;4;6;6
Кабельные муфты;4286;15;1;2;2;3;8;15
Звездочки;3832;1;1;1;1;1;1;1
Конвейерные ленты;3520;15;1;2;5;7;12;15
Опоры и стойки;2845;21;2;2;2;4;7;21
Вентиляторы;2631;8;2;4;5;6;7;8
Рукава;2557;30;5;12;18;22;28;30
Гидравлика;1724;7;1;3;4;4;6;7
Высоковольтное оборудование;1452;10;2;5;6;8;9;10
Цепи;1365;11;2;4;6;8;10;11
Навесное оборудование;1050;9;3;5;5;6;9;9
Видеонаблюдение;885;19;2;5;7;10;14;19
Теплотехника;66;10;1;3;5;7;10;10
