Код подкадра;Кадр (parent);Приоритет;Ранг;Раздел;Группа кадра (что на фото);Вид изделия;Отличие подкадра;вид изделия;размер;Тип подкадра;Позиций;Описание RU;Промпт EN;Негатив EN;Негатив RU;Референс-фото 1;Референс-фото 2;Референс-фото 3;Референс-фото 4;Референс-фото 5;Референс: пометка;Страница 1;Страница 2;Страница 3;Метод;Как сделать;Имя файла
F00030-a;F00030;1;1;Шкивы;Шкив зубчатый;шкив зубчатый;весь кадр;;;весь кадр — снимок кадра;3830;"Фотореалистичная предметная фотография для каталога. Подкадр F00030-a — весь кадр F00030 (3830 поз.): позиций мало или на фото они одинаковы. Что в кадре: шкив зубчатый. Как выглядит: шкив: литой чугунный или стальной диск с ручьями под ремень и ступицей. По данным позиций кадра: тип ремня — зубчатый; тип — зубчатый; профиль — 2f (49 %). Масштаб: масса около 20 кг (медиана по позициям). Ракурс и композиция: 3/4 немного сверху, изделие целиком по центру, занимает около 70 % кадра. Фон: светлый нейтральный бесшовный #F4F6F9 без текстуры и горизонта. Свет: мягкий студийный из большого софтбокса, мягкая тень под предметом, резкость по всему предмету. Не должно быть: чужих логотипов, названий заводов и брендов, водяных знаков, надписей и любого текста, людей и рук, лишних предметов. Итог: квадрат 1200×1200 px, WebP.";"Photorealistic catalog product photo. Toothed pulley. Pulley, cast iron or steel with belt grooves and a hub. Belt type: toothed; type: toothed; profile: 2f. Scale: weight about 20 kg. Three-quarter view from slightly above, whole item centred, filling about 70% of the frame. Plain seamless light neutral background #F4F6F9, no texture, no horizon line. Soft large-softbox studio lighting, soft contact shadow underneath, sharp focus across the whole item, photorealistic e-commerce catalog product photo, high detail, 85mm lens look, square 1:1, 1200x1200.";text, letters, numbers, logo, brand name, manufacturer marking, watermark, printed label, people, hands, faces, multiple products, cluttered background, props, distorted geometry, extra parts, cartoon, illustration, CGI look, blur, low resolution;текст, буквы, цифры, логотип, бренд, заводская маркировка, водяной знак, этикетка с надписями, люди, руки, лица, несколько предметов, захламленный фон, реквизит, искаженная геометрия, лишние детали, мультяшный стиль, иллюстрация, вид 3D-рендера, размытие, низкое разрешение;https://backend.cable.ru/uploads/catalog/shkiv-zubchatiy-3m-pod-rastochku-65ddbc9da720b.jpg;https://backend.cable.ru/uploads/catalog/01-pulley-toothed-65ddbc94b03ab.jpg;https://backend.cable.ru/uploads/catalog/shkiv-zubchatiy-h-pod-rastochku-65ddbca2d06b5.jpg;https://backend.cable.ru/uploads/catalog/shkiv-zubchatiy-l-pod-rastochku-65ddbca5dda21.jpg;https://backend.cable.ru/uploads/catalog/shkiv-zubchatiy-t5-s-metricheskim-shagom-65ddbcb6683d6.jpg;;https://cable.ru/pulley/pulley-shkiv_zubchatii_3m_6_z_48.php;https://cable.ru/pulley/pulley-shkiv_zubchatii_3m_6_z_60.php;https://cable.ru/pulley/pulley-shkiv_zubchatii_h300_z_52.php;снимок кадра;Отдельный снимок не нужен: на эти позиции встает снимок кадра F00030 (файл photos/F00030.webp).;— (используется photos/F00030.webp)
F00075-a;F00075;1;16;Шкивы;Шкив клиновой;шкив клиновой;весь кадр;;;весь кадр — снимок кадра;1874;"Фотореалистичная предметная фотография для каталога. Подкадр F00075-a — весь кадр F00075 (1874 поз.): позиций мало или на фото они одинаковы. Что в кадре: шкив клиновой. Как выглядит: шкив: литой чугунный или стальной диск с ручьями под ремень и ступицей. По данным позиций кадра: материал — чугун; тип ремня — клиновой; тип — клиновой. Масштаб: масса около 1,1 кг (медиана по позициям). Ракурс и композиция: 3/4 немного сверху, изделие целиком по центру, занимает около 70 % кадра. Фон: светлый нейтральный бесшовный #F4F6F9 без текстуры и горизонта. Свет: мягкий студийный из большого софтбокса, мягкая тень под предметом, резкость по всему предмету. Не должно быть: чужих логотипов, названий заводов и брендов, водяных знаков, надписей и любого текста, людей и рук, лишних предметов. Итог: квадрат 1200×1200 px, WebP.";"Photorealistic catalog product photo. V- pulley. Pulley, cast iron or steel with belt grooves and a hub. Material: cast iron; belt type: V-; type: V-. Scale: weight about 1.1 kg. Three-quarter view from slightly above, whole item centred, filling about 70% of the frame. Plain seamless light neutral background #F4F6F9, no texture, no horizon line. Soft large-softbox studio lighting, soft contact shadow underneath, sharp focus across the whole item, photorealistic e-commerce catalog product photo, high detail, 85mm lens look, square 1:1, 1200x1200.";text, letters, numbers, logo, brand name, manufacturer marking, watermark, printed label, people, hands, faces, multiple products, cluttered background, props, distorted geometry, extra parts, cartoon, illustration, CGI look, blur, low resolution;текст, буквы, цифры, логотип, бренд, заводская маркировка, водяной знак, этикетка с надписями, люди, руки, лица, несколько предметов, захламленный фон, реквизит, искаженная геометрия, лишние детали, мультяшный стиль, иллюстрация, вид 3D-рендера, размытие, низкое разрешение;https://backend.cable.ru/uploads/catalog/02-ptc-65ddbcdf3359a.jpg;https://backend.cable.ru/uploads/catalog/01-ptc-65ddbcde4b545.jpg;https://backend.cable.ru/uploads/catalog/02-spa-65ddbcdd966e2.jpg;https://backend.cable.ru/uploads/catalog/01-spz-65ddbcd999de7.jpg;https://backend.cable.ru/uploads/catalog/02-spz-65ddbcdbd8c18.jpg;;https://cable.ru/pulley/pulley-pt140c1_sit.php;https://cable.ru/pulley/pulley-pt140c2_sit.php;https://cable.ru/pulley/pulley-pt050spa1_sit.php;снимок кадра;Отдельный снимок не нужен: на эти позиции встает снимок кадра F00075 (файл photos/F00075.webp).;— (используется photos/F00075.webp)
F00216-a;F00216;1;179;Шкивы;Шкив поликлиновой;шкив поликлиновой;весь кадр;;;весь кадр — снимок кадра;653;"Фотореалистичная предметная фотография для каталога. Подкадр F00216-a — весь кадр F00216 (653 поз.): позиций мало или на фото они одинаковы. Что в кадре: шкив поликлиновой. Как выглядит: шкив: литой чугунный или стальной диск с ручьями под ремень и ступицей. По данным позиций кадра: тип ремня — поликлиновой; тип — поликлиновой. Масштаб: масса около 1 кг (медиана по позициям). Ракурс и композиция: 3/4 немного сверху, изделие целиком по центру, занимает около 70 % кадра. Фон: светлый нейтральный бесшовный #F4F6F9 без текстуры и горизонта. Свет: мягкий студийный из большого софтбокса, мягкая тень под предметом, резкость по всему предмету. Не должно быть: чужих логотипов, названий заводов и брендов, водяных знаков, надписей и любого текста, людей и рук, лишних предметов. Итог: квадрат 1200×1200 px, WebP.";"Photorealistic catalog product photo. Poly-V pulley. Pulley, cast iron or steel with belt grooves and a hub. Belt type: poly-V; type: poly-V. Scale: weight about 1 kg. Three-quarter view from slightly above, whole item centred, filling about 70% of the frame. Plain seamless light neutral background #F4F6F9, no texture, no horizon line. Soft large-softbox studio lighting, soft contact shadow underneath, sharp focus across the whole item, photorealistic e-commerce catalog product photo, high detail, 85mm lens look, square 1:1, 1200x1200.";text, letters, numbers, logo, brand name, manufacturer marking, watermark, printed label, people, hands, faces, multiple products, cluttered background, props, distorted geometry, extra parts, cartoon, illustration, CGI look, blur, low resolution;текст, буквы, цифры, логотип, бренд, заводская маркировка, водяной знак, этикетка с надписями, люди, руки, лица, несколько предметов, захламленный фон, реквизит, искаженная геометрия, лишние детали, мультяшный стиль, иллюстрация, вид 3D-рендера, размытие, низкое разрешение;https://backend.cable.ru/uploads/catalog/shkiv-poliklinoviy-8j-65ddbc9f1a464.jpg;https://backend.cable.ru/uploads/catalog/01-pulley-v-ribbed-65ddbc9356824.jpg;https://backend.cable.ru/uploads/catalog/shkiv-klinoviy-12j-65ddbc93e47be.jpg;https://backend.cable.ru/uploads/catalog/shkiv-poliklinoviy-16j-65ddbc9d051b9.jpg;https://backend.cable.ru/uploads/catalog/03-pv-65ddbce41e42f.jpg;;https://cable.ru/pulley/pulley-shkiv_poliklinovii_8j_040.php;https://cable.ru/pulley/pulley-shkiv_poliklinovii_8j_045.php;https://cable.ru/pulley/pulley-shkiv_poliklinovii_12j_040.php;снимок кадра;Отдельный снимок не нужен: на эти позиции встает снимок кадра F00216 (файл photos/F00216.webp).;— (используется photos/F00216.webp)
F00217-a;F00217;1;181;Шкивы;Втулка коническая;втулка коническая;весь кадр;;;весь кадр — снимок кадра;651;"Фотореалистичная предметная фотография для каталога. Подкадр F00217-a — весь кадр F00217 (651 поз.): позиций мало или на фото они одинаковы. Что в кадре: втулка коническая. Как выглядит: втулка: цилиндрическая деталь с отверстием (сталь, бронза, полимер — по данным); закрепительная втулка — коническая разрезная с гайкой. Масштаб: масса около 6,2 кг (медиана по позициям). Ракурс и композиция: 3/4 немного сверху, изделие целиком по центру, занимает около 70 % кадра. Фон: светлый нейтральный бесшовный #F4F6F9 без текстуры и горизонта. Свет: мягкий студийный из большого софтбокса, мягкая тень под предметом, резкость по всему предмету. Не должно быть: чужих логотипов, названий заводов и брендов, водяных знаков, надписей и любого текста, людей и рук, лишних предметов. Итог: квадрат 1200×1200 px, WebP.";Photorealistic catalog product photo. Taper bushing. Bushing, cylindrical sleeve with a bore. Scale: weight about 6.2 kg. Three-quarter view from slightly above, whole item centred, filling about 70% of the frame. Plain seamless light neutral background #F4F6F9, no texture, no horizon line. Soft large-softbox studio lighting, soft contact shadow underneath, sharp focus across the whole item, photorealistic e-commerce catalog product photo, high detail, 85mm lens look, square 1:1, 1200x1200.;text, letters, numbers, logo, brand name, manufacturer marking, watermark, printed label, people, hands, faces, multiple products, cluttered background, props, distorted geometry, extra parts, cartoon, illustration, CGI look, blur, low resolution;текст, буквы, цифры, логотип, бренд, заводская маркировка, водяной знак, этикетка с надписями, люди, руки, лица, несколько предметов, захламленный фон, реквизит, искаженная геометрия, лишние детали, мультяшный стиль, иллюстрация, вид 3D-рендера, размытие, низкое разрешение;https://backend.cable.ru/uploads/catalog/700xnxvtulka-konicheskaya-1010-3030-65ddbc92d9447.jpg;;;;;1 фото подкадра;https://cable.ru/pulley/pulley-1108_taper_bush__f_1_2_sit.php;https://cable.ru/pulley/pulley-vtulka_5050_f_125.php;https://cable.ru/pulley/pulley-vtulka_5050_f_120.php;снимок кадра;Отдельный снимок не нужен: на эти позиции встает снимок кадра F00217 (файл photos/F00217.webp).;— (используется photos/F00217.webp)
F01079-a;F01079;2;2471;Шкивы;Втулка зажимная;втулка зажимная;габариты 25–70 мм (со спичечный коробок);втулка зажимная;25–70 мм (со спичечный коробок);свой снимок;62;"Фотореалистичная предметная фотография для каталога. Подкадр F01079-a (62 из 117 позиций кадра F01079). Отличие от соседних подкадров: габариты 25–70 мм (со спичечный коробок). Что в кадре: втулка зажимная, габариты 25–70 мм (со спичечный коробок). Как выглядит: втулка: цилиндрическая деталь с отверстием (сталь, бронза, полимер — по данным); закрепительная втулка — коническая разрезная с гайкой. По данным позиций кадра: материал — сталь. Масштаб: наружный диаметр около 50 мм (медиана по позициям) — небольшая деталь — размером со спичечный коробок. Ракурс и композиция: 3/4 немного сверху, изделие целиком по центру, занимает около 70 % кадра. Фон: светлый нейтральный бесшовный #F4F6F9 без текстуры и горизонта. Свет: мягкий студийный из большого софтбокса, мягкая тень под предметом, резкость по всему предмету. Не должно быть: чужих логотипов, названий заводов и брендов, водяных знаков, надписей и любого текста, людей и рук, лишних предметов. Итог: квадрат 1200×1200 px, WebP.";Photorealistic catalog product photo. Distinctive for this variant: 25-70 mm, matchbox size. Clamping bushing. Bushing, cylindrical sleeve with a bore. Material: steel. Scale: outer diameter about 50 mm, small part, about matchbox size. Three-quarter view from slightly above, whole item centred, filling about 70% of the frame. Plain seamless light neutral background #F4F6F9, no texture, no horizon line. Soft large-softbox studio lighting, soft contact shadow underneath, sharp focus across the whole item, photorealistic e-commerce catalog product photo, high detail, 85mm lens look, square 1:1, 1200x1200.;text, letters, numbers, logo, brand name, manufacturer marking, watermark, printed label, people, hands, faces, multiple products, cluttered background, props, distorted geometry, extra parts, cartoon, illustration, CGI look, blur, low resolution;текст, буквы, цифры, логотип, бренд, заводская маркировка, водяной знак, этикетка с надписями, люди, руки, лица, несколько предметов, захламленный фон, реквизит, искаженная геометрия, лишние детали, мультяшный стиль, иллюстрация, вид 3D-рендера, размытие, низкое разрешение;https://backend.cable.ru/uploads/catalog/02-klaa-65ddbe79ba345.jpg;https://backend.cable.ru/uploads/catalog/01-klaa-65ddbe78b1829.jpg;https://backend.cable.ru/uploads/catalog/02-klab-65ddbe7a3d990.jpg;https://backend.cable.ru/uploads/catalog/01-klab-65ddbe7a17e33.jpg;https://backend.cable.ru/uploads/catalog/02-klbb-65ddbe7833e59.jpg;;https://cable.ru/pulley/pulley-klaa020_iskra.php;https://cable.ru/pulley/pulley-klaa022_iskra.php;https://cable.ru/pulley/pulley-klab025_iskra.php;генерация;"Генерация по промпту; за основу — готовый снимок кадра F01079 (тот же ракурс, свет, фон), меняется только отличие подкадра.";photos/F01079-a.webp
F01079-b;F01079;2;3789;Шкивы;Втулка зажимная;втулка зажимная;габариты 70–130 мм (в ладони);втулка зажимная;70–130 мм (в ладони);свой снимок;42;"Фотореалистичная предметная фотография для каталога. Подкадр F01079-b (42 из 117 позиций кадра F01079). Отличие от соседних подкадров: габариты 70–130 мм (в ладони). Что в кадре: втулка зажимная, габариты 70–130 мм (в ладони). Как выглядит: втулка: цилиндрическая деталь с отверстием (сталь, бронза, полимер — по данным); закрепительная втулка — коническая разрезная с гайкой. По данным позиций кадра: материал — сталь. Масштаб: наружный диаметр около 90 мм (медиана по позициям) — помещается в ладони. Ракурс и композиция: 3/4 немного сверху, изделие целиком по центру, занимает около 70 % кадра. Фон: светлый нейтральный бесшовный #F4F6F9 без текстуры и горизонта. Свет: мягкий студийный из большого софтбокса, мягкая тень под предметом, резкость по всему предмету. Не должно быть: чужих логотипов, названий заводов и брендов, водяных знаков, надписей и любого текста, людей и рук, лишних предметов. Итог: квадрат 1200×1200 px, WebP.";Photorealistic catalog product photo. Distinctive for this variant: 70-130 mm, fits in a palm. Clamping bushing. Bushing, cylindrical sleeve with a bore. Material: steel. Scale: outer diameter about 90 mm, fits in a palm. Three-quarter view from slightly above, whole item centred, filling about 70% of the frame. Plain seamless light neutral background #F4F6F9, no texture, no horizon line. Soft large-softbox studio lighting, soft contact shadow underneath, sharp focus across the whole item, photorealistic e-commerce catalog product photo, high detail, 85mm lens look, square 1:1, 1200x1200.;text, letters, numbers, logo, brand name, manufacturer marking, watermark, printed label, people, hands, faces, multiple products, cluttered background, props, distorted geometry, extra parts, cartoon, illustration, CGI look, blur, low resolution;текст, буквы, цифры, логотип, бренд, заводская маркировка, водяной знак, этикетка с надписями, люди, руки, лица, несколько предметов, захламленный фон, реквизит, искаженная геометрия, лишние детали, мультяшный стиль, иллюстрация, вид 3D-рендера, размытие, низкое разрешение;https://backend.cable.ru/uploads/catalog/02-klaa-65ddbe79ba345.jpg;https://backend.cable.ru/uploads/catalog/01-klaa-65ddbe78b1829.jpg;https://backend.cable.ru/uploads/catalog/02-klab-65ddbe7a3d990.jpg;https://backend.cable.ru/uploads/catalog/01-klab-65ddbe7a17e33.jpg;https://backend.cable.ru/uploads/catalog/02-klcc-65ddbe7a8d55e.jpg;;https://cable.ru/pulley/pulley-klaa045_iskra.php;https://cable.ru/pulley/pulley-klaa050_iskra.php;https://cable.ru/pulley/pulley-klab045_iskra.php;генерация;"Генерация по промпту; за основу — готовый снимок кадра F01079 (тот же ракурс, свет, фон), меняется только отличие подкадра.";photos/F01079-b.webp
F01079-c;F01079;3;16543;Шкивы;Втулка зажимная;втулка зажимная;габариты до 25 мм (мельче монеты);втулка зажимная;до 25 мм (мельче монеты);свой снимок;9;"Фотореалистичная предметная фотография для каталога. Подкадр F01079-c (9 из 117 позиций кадра F01079). Отличие от соседних подкадров: габариты до 25 мм (мельче монеты). Что в кадре: втулка зажимная, габариты до 25 мм (мельче монеты). Как выглядит: втулка: цилиндрическая деталь с отверстием (сталь, бронза, полимер — по данным); закрепительная втулка — коническая разрезная с гайкой. По данным позиций кадра: материал — сталь. Масштаб: наружный диаметр около 22 мм (медиана по позициям) — мелкая деталь — меньше монеты. Ракурс и композиция: 3/4 немного сверху, изделие целиком по центру, занимает около 70 % кадра. Фон: светлый нейтральный бесшовный #F4F6F9 без текстуры и горизонта. Свет: мягкий студийный из большого софтбокса, мягкая тень под предметом, резкость по всему предмету. Не должно быть: чужих логотипов, названий заводов и брендов, водяных знаков, надписей и любого текста, людей и рук, лишних предметов. Итог: квадрат 1200×1200 px, WebP.";Photorealistic catalog product photo. Distinctive for this variant: under 25 mm, smaller than a coin. Clamping bushing. Bushing, cylindrical sleeve with a bore. Material: steel. Scale: outer diameter about 22 mm, small part, smaller than a coin. Three-quarter view from slightly above, whole item centred, filling about 70% of the frame. Plain seamless light neutral background #F4F6F9, no texture, no horizon line. Soft large-softbox studio lighting, soft contact shadow underneath, sharp focus across the whole item, photorealistic e-commerce catalog product photo, high detail, 85mm lens look, square 1:1, 1200x1200.;text, letters, numbers, logo, brand name, manufacturer marking, watermark, printed label, people, hands, faces, multiple products, cluttered background, props, distorted geometry, extra parts, cartoon, illustration, CGI look, blur, low resolution;текст, буквы, цифры, логотип, бренд, заводская маркировка, водяной знак, этикетка с надписями, люди, руки, лица, несколько предметов, захламленный фон, реквизит, искаженная геометрия, лишние детали, мультяшный стиль, иллюстрация, вид 3D-рендера, размытие, низкое разрешение;https://backend.cable.ru/uploads/catalog/02-klcc-65ddbe7a8d55e.jpg;https://backend.cable.ru/uploads/catalog/01-klcc-65ddbe7a6cd6d.jpg;https://backend.cable.ru/uploads/catalog/02-klff-65ddbe7c08023.jpg;https://backend.cable.ru/uploads/catalog/02-klss-65ddbe7d8b277.jpg;https://backend.cable.ru/uploads/catalog/01-klss-65ddbe7d67ed0.jpg;;https://cable.ru/pulley/pulley-klcc008_iskra.php;https://cable.ru/pulley/pulley-klcc010_iskra.php;https://cable.ru/pulley/pulley-klff015_iskra.php;генерация;"Генерация по промпту; за основу — готовый снимок кадра F01079 (тот же ракурс, свет, фон), меняется только отличие подкадра.";photos/F01079-c.webp
F01079-d;F01079;5;27735;Шкивы;Втулка зажимная;втулка зажимная;прочие позиции кадра;;;прочие позиции кадра — снимок кадра;4;"Фотореалистичная предметная фотография для каталога. Подкадр F01079-d — прочие позиции кадра F01079 (4 из 117), у которых нет общего заметного отличия от остальных 3 подкадров кадра; снимок как у кадра F01079. Что в кадре: втулка зажимная, габариты 130–450 мм (с обувную коробку). Как выглядит: втулка: цилиндрическая деталь с отверстием (сталь, бронза, полимер — по данным); закрепительная втулка — коническая разрезная с гайкой. По данным позиций кадра: материал — сталь. Масштаб: наружный диаметр около 150 мм (медиана по позициям) — размером примерно с обувную коробку. Ракурс и композиция: 3/4 немного сверху, изделие целиком по центру, занимает около 70 % кадра. Фон: светлый нейтральный бесшовный #F4F6F9 без текстуры и горизонта. Свет: мягкий студийный из большого софтбокса, мягкая тень под предметом, резкость по всему предмету. Не должно быть: чужих логотипов, названий заводов и брендов, водяных знаков, надписей и любого текста, людей и рук, лишних предметов. Итог: квадрат 1200×1200 px, WebP.";Photorealistic catalog product photo. Clamping bushing. Bushing, cylindrical sleeve with a bore. Material: steel. Scale: outer diameter about 150 mm, about shoebox size. Three-quarter view from slightly above, whole item centred, filling about 70% of the frame. Plain seamless light neutral background #F4F6F9, no texture, no horizon line. Soft large-softbox studio lighting, soft contact shadow underneath, sharp focus across the whole item, photorealistic e-commerce catalog product photo, high detail, 85mm lens look, square 1:1, 1200x1200.;text, letters, numbers, logo, brand name, manufacturer marking, watermark, printed label, people, hands, faces, multiple products, cluttered background, props, distorted geometry, extra parts, cartoon, illustration, CGI look, blur, low resolution;текст, буквы, цифры, логотип, бренд, заводская маркировка, водяной знак, этикетка с надписями, люди, руки, лица, несколько предметов, захламленный фон, реквизит, искаженная геометрия, лишние детали, мультяшный стиль, иллюстрация, вид 3D-рендера, размытие, низкое разрешение;https://backend.cable.ru/uploads/catalog/02-klgg-65ddbe7c6fac0.jpg;https://backend.cable.ru/uploads/catalog/01-klgg-65ddbe7c2d3a0.jpg;;;;2 фото подкадра;https://cable.ru/pulley/pulley-klgg095_iskra.php;https://cable.ru/pulley/pulley-klgg100_iskra.php;https://cable.ru/pulley/pulley-klgg120_iskra.php;снимок кадра;Отдельный снимок не нужен: на эти позиции встает снимок кадра F01079 (файл photos/F01079.webp).;— (используется photos/F01079.webp)
F01080-a;F01080;1;1219;Шкивы;Втулка;втулка;весь кадр;;;весь кадр — снимок кадра;117;"Фотореалистичная предметная фотография для каталога. Подкадр F01080-a — весь кадр F01080 (117 поз.): позиций мало или на фото они одинаковы. Что в кадре: втулка. Как выглядит: втулка: цилиндрическая деталь с отверстием (сталь, бронза, полимер — по данным); закрепительная втулка — коническая разрезная с гайкой. По данным позиций кадра: материал — чугун. Масштаб: масса около 0,4 кг (медиана по позициям). Ракурс и композиция: 3/4 немного сверху, изделие целиком по центру, занимает около 70 % кадра. Фон: светлый нейтральный бесшовный #F4F6F9 без текстуры и горизонта. Свет: мягкий студийный из большого софтбокса, мягкая тень под предметом, резкость по всему предмету. Не должно быть: чужих логотипов, названий заводов и брендов, водяных знаков, надписей и любого текста, людей и рук, лишних предметов. Итог: квадрат 1200×1200 px, WebP.";Photorealistic catalog product photo. Bushing. Bushing, cylindrical sleeve with a bore. Material: cast iron. Scale: weight about 0.4 kg. Three-quarter view from slightly above, whole item centred, filling about 70% of the frame. Plain seamless light neutral background #F4F6F9, no texture, no horizon line. Soft large-softbox studio lighting, soft contact shadow underneath, sharp focus across the whole item, photorealistic e-commerce catalog product photo, high detail, 85mm lens look, square 1:1, 1200x1200.;text, letters, numbers, logo, brand name, manufacturer marking, watermark, printed label, people, hands, faces, multiple products, cluttered background, props, distorted geometry, extra parts, cartoon, illustration, CGI look, blur, low resolution;текст, буквы, цифры, логотип, бренд, заводская маркировка, водяной знак, этикетка с надписями, люди, руки, лица, несколько предметов, захламленный фон, реквизит, искаженная геометрия, лишние детали, мультяшный стиль, иллюстрация, вид 3D-рендера, размытие, низкое разрешение;https://backend.cable.ru/uploads/catalog/04-tap-65ddbe787a3f5.jpg;https://backend.cable.ru/uploads/catalog/700xnxvtulka-konicheskaya-1010-3030-65ddbc92d9447.jpg;https://backend.cable.ru/uploads/catalog/01-pulley-taper-bush-65ddbc927c607.jpg;;;3 фото подкадра;https://cable.ru/pulley/pulley-1008010_iskra.php;https://cable.ru/pulley/pulley-1008011_iskra.php;https://cable.ru/pulley/pulley-1008012_iskra.php;снимок кадра;Отдельный снимок не нужен: на эти позиции встает снимок кадра F01080 (файл photos/F01080.webp).;— (используется photos/F01080.webp)
