Код подкадра;Кадр (parent);Приоритет;Ранг;Раздел;Группа кадра (что на фото);Вид изделия;Отличие подкадра;вид изделия;тип;мощность;размер;Тип подкадра;Позиций;Описание RU;Промпт EN;Негатив EN;Негатив RU;Метод;Как сделать;Имя файла
F00048-a;F00048;1;75;Кабельные муфты;Муфта концевая;муфта концевая;"тип — внутренняя, наружная; у позиций разные: мощность";муфта концевая;внутренняя, наружная;;;свой снимок;1187;"Фотореалистичная предметная фотография для каталога. Подкадр F00048-a (1187 из 2563 позиций кадра F00048). Отличие от соседних подкадров: тип — внутренняя, наружная; у позиций разные: мощность. Что в кадре: муфта концевая, внутренняя, наружная. Как выглядит: муфта: соединительная деталь или кабельная муфта — набор термоусадочных трубок, манжет и перчатки. По данным позиций кадра: изоляция — пластмассовая (81 %); тип — концевая; установка — внутренняя, наружная. Масштаб: масса около 1,1 кг (медиана по позициям). Ракурс и композиция: 3/4 немного сверху, изделие целиком по центру, занимает около 70 % кадра. Фон: светлый нейтральный бесшовный #F4F6F9 без текстуры и горизонта. Свет: мягкий студийный из большого софтбокса, мягкая тень под предметом, резкость по всему предмету. Не должно быть: чужих логотипов, названий заводов и брендов, водяных знаков, надписей и любого текста, людей и рук, лишних предметов. Итог: квадрат 1200×1200 px, WebP.";"Photorealistic catalog product photo. End cable joint. Joint or coupling; for cable joints, a set of heat-shrink tubes, sleeves and a breakout boot. Insulation: plastic; type: end. Scale: weight about 1.1 kg. Three-quarter view from slightly above, whole item centred, filling about 70% of the frame. Plain seamless light neutral background #F4F6F9, no texture, no horizon line. Soft large-softbox studio lighting, soft contact shadow underneath, sharp focus across the whole item, photorealistic e-commerce catalog product photo, high detail, 85mm lens look, square 1:1, 1200x1200.";text, letters, numbers, logo, brand name, manufacturer marking, watermark, printed label, people, hands, faces, multiple products, cluttered background, props, distorted geometry, extra parts, cartoon, illustration, CGI look, blur, low resolution;текст, буквы, цифры, логотип, бренд, заводская маркировка, водяной знак, этикетка с надписями, люди, руки, лица, несколько предметов, захламленный фон, реквизит, искаженная геометрия, лишние детали, мультяшный стиль, иллюстрация, вид 3D-рендера, размытие, низкое разрешение;генерация;"Генерация по промпту; за основу — готовый снимок кадра F00048 (тот же ракурс, свет, фон), меняется только отличие подкадра.";photos/F00048-a.webp
F00048-b;F00048;1;187;Кабельные муфты;Муфта концевая;муфта концевая;"тип — внутренняя; у позиций разные: мощность, размер";муфта концевая;внутренняя;;;свой снимок;620;"Фотореалистичная предметная фотография для каталога. Подкадр F00048-b (620 из 2563 позиций кадра F00048). Отличие от соседних подкадров: тип — внутренняя; у позиций разные: мощность, размер. Что в кадре: муфта концевая, внутренняя. Как выглядит: муфта: соединительная деталь или кабельная муфта — набор термоусадочных трубок, манжет и перчатки. По данным позиций кадра: изоляция — сшитый полиэтилен (91 %); тип — концевая; установка — внутренняя. Масштаб: длина/ширина около 82 мм (медиана по позициям) — помещается в ладони. Ракурс и композиция: 3/4 немного сверху, изделие целиком по центру, занимает около 70 % кадра. Фон: светлый нейтральный бесшовный #F4F6F9 без текстуры и горизонта. Свет: мягкий студийный из большого софтбокса, мягкая тень под предметом, резкость по всему предмету. Не должно быть: чужих логотипов, названий заводов и брендов, водяных знаков, надписей и любого текста, людей и рук, лишних предметов. Итог: квадрат 1200×1200 px, WebP.";"Photorealistic catalog product photo. End cable joint. Joint or coupling; for cable joints, a set of heat-shrink tubes, sleeves and a breakout boot. Insulation: polyethylene; type: end. Scale: about 82 mm, fits in a palm. Three-quarter view from slightly above, whole item centred, filling about 70% of the frame. Plain seamless light neutral background #F4F6F9, no texture, no horizon line. Soft large-softbox studio lighting, soft contact shadow underneath, sharp focus across the whole item, photorealistic e-commerce catalog product photo, high detail, 85mm lens look, square 1:1, 1200x1200.";text, letters, numbers, logo, brand name, manufacturer marking, watermark, printed label, people, hands, faces, multiple products, cluttered background, props, distorted geometry, extra parts, cartoon, illustration, CGI look, blur, low resolution;текст, буквы, цифры, логотип, бренд, заводская маркировка, водяной знак, этикетка с надписями, люди, руки, лица, несколько предметов, захламленный фон, реквизит, искаженная геометрия, лишние детали, мультяшный стиль, иллюстрация, вид 3D-рендера, размытие, низкое разрешение;генерация;"Генерация по промпту; за основу — готовый снимок кадра F00048 (тот же ракурс, свет, фон), меняется только отличие подкадра.";photos/F00048-b.webp
F00048-c;F00048;1;205;Кабельные муфты;Муфта концевая;муфта концевая;"тип — наружная; у позиций разные: мощность";муфта концевая;наружная;;;свой снимок;586;"Фотореалистичная предметная фотография для каталога. Подкадр F00048-c (586 из 2563 позиций кадра F00048). Отличие от соседних подкадров: тип — наружная; у позиций разные: мощность. Что в кадре: муфта концевая, наружная. Как выглядит: муфта: соединительная деталь или кабельная муфта — набор термоусадочных трубок, манжет и перчатки. По данным позиций кадра: изоляция — пластмассовая (59 %); тип — концевая; установка — наружная. Масштаб: масса около 2,6 кг (медиана по позициям). Ракурс и композиция: 3/4 немного сверху, изделие целиком по центру, занимает около 70 % кадра. Фон: светлый нейтральный бесшовный #F4F6F9 без текстуры и горизонта. Свет: мягкий студийный из большого софтбокса, мягкая тень под предметом, резкость по всему предмету. Не должно быть: чужих логотипов, названий заводов и брендов, водяных знаков, надписей и любого текста, людей и рук, лишних предметов. Итог: квадрат 1200×1200 px, WebP.";"Photorealistic catalog product photo. End cable joint. Joint or coupling; for cable joints, a set of heat-shrink tubes, sleeves and a breakout boot. Insulation: plastic; type: end. Scale: weight about 2.6 kg. Three-quarter view from slightly above, whole item centred, filling about 70% of the frame. Plain seamless light neutral background #F4F6F9, no texture, no horizon line. Soft large-softbox studio lighting, soft contact shadow underneath, sharp focus across the whole item, photorealistic e-commerce catalog product photo, high detail, 85mm lens look, square 1:1, 1200x1200.";text, letters, numbers, logo, brand name, manufacturer marking, watermark, printed label, people, hands, faces, multiple products, cluttered background, props, distorted geometry, extra parts, cartoon, illustration, CGI look, blur, low resolution;текст, буквы, цифры, логотип, бренд, заводская маркировка, водяной знак, этикетка с надписями, люди, руки, лица, несколько предметов, захламленный фон, реквизит, искаженная геометрия, лишние детали, мультяшный стиль, иллюстрация, вид 3D-рендера, размытие, низкое разрешение;генерация;"Генерация по промпту; за основу — готовый снимок кадра F00048 (тот же ракурс, свет, фон), меняется только отличие подкадра.";photos/F00048-c.webp
F00048-d;F00048;2;2697;Кабельные муфты;Муфта концевая;муфта концевая;"тип — внутренняя; 3–7,5 кВт";муфта концевая;внутренняя;3–7,5 кВт;;свой снимок;57;"Фотореалистичная предметная фотография для каталога. Подкадр F00048-d (57 из 2563 позиций кадра F00048). Отличие от соседних подкадров: тип — внутренняя; 3–7,5 кВт. Что в кадре: муфта концевая, внутренняя, 3–7,5 кВт. Как выглядит: муфта: соединительная деталь или кабельная муфта — набор термоусадочных трубок, манжет и перчатки. По данным позиций кадра: изоляция — бумажная (84 %); тип — концевая; установка — внутренняя. Масштаб: масса около 1,8 кг (медиана по позициям). Ракурс и композиция: 3/4 немного сверху, изделие целиком по центру, занимает около 70 % кадра. Фон: светлый нейтральный бесшовный #F4F6F9 без текстуры и горизонта. Свет: мягкий студийный из большого софтбокса, мягкая тень под предметом, резкость по всему предмету. Не должно быть: чужих логотипов, названий заводов и брендов, водяных знаков, надписей и любого текста, людей и рук, лишних предметов. Итог: квадрат 1200×1200 px, WebP.";"Photorealistic catalog product photo. Distinctive for this variant: 3-7.5 kW. End cable joint. Joint or coupling; for cable joints, a set of heat-shrink tubes, sleeves and a breakout boot. Type: end. Scale: weight about 1.8 kg. Three-quarter view from slightly above, whole item centred, filling about 70% of the frame. Plain seamless light neutral background #F4F6F9, no texture, no horizon line. Soft large-softbox studio lighting, soft contact shadow underneath, sharp focus across the whole item, photorealistic e-commerce catalog product photo, high detail, 85mm lens look, square 1:1, 1200x1200.";text, letters, numbers, logo, brand name, manufacturer marking, watermark, printed label, people, hands, faces, multiple products, cluttered background, props, distorted geometry, extra parts, cartoon, illustration, CGI look, blur, low resolution;текст, буквы, цифры, логотип, бренд, заводская маркировка, водяной знак, этикетка с надписями, люди, руки, лица, несколько предметов, захламленный фон, реквизит, искаженная геометрия, лишние детали, мультяшный стиль, иллюстрация, вид 3D-рендера, размытие, низкое разрешение;генерация;"Генерация по промпту; за основу — готовый снимок кадра F00048 (тот же ракурс, свет, фон), меняется только отличие подкадра.";photos/F00048-d.webp
F00048-e;F00048;2;4684;Кабельные муфты;Муфта концевая;муфта концевая;"тип — внутренняя; 1–2,2 кВт";муфта концевая;внутренняя;1–2,2 кВт;;свой снимок;34;"Фотореалистичная предметная фотография для каталога. Подкадр F00048-e (34 из 2563 позиций кадра F00048). Отличие от соседних подкадров: тип — внутренняя; 1–2,2 кВт. Что в кадре: муфта концевая, внутренняя, 1–2,2 кВт. Как выглядит: муфта: соединительная деталь или кабельная муфта — набор термоусадочных трубок, манжет и перчатки. По данным позиций кадра: изоляция — бумажная, пластмассовая (94 %); тип — концевая; установка — внутренняя. Ракурс и композиция: 3/4 немного сверху, изделие целиком по центру, занимает около 70 % кадра. Фон: светлый нейтральный бесшовный #F4F6F9 без текстуры и горизонта. Свет: мягкий студийный из большого софтбокса, мягкая тень под предметом, резкость по всему предмету. Не должно быть: чужих логотипов, названий заводов и брендов, водяных знаков, надписей и любого текста, людей и рук, лишних предметов. Итог: квадрат 1200×1200 px, WebP.";"Photorealistic catalog product photo. Distinctive for this variant: 1-2.2 kW. End cable joint. Joint or coupling; for cable joints, a set of heat-shrink tubes, sleeves and a breakout boot. Insulation: plastic; type: end. Three-quarter view from slightly above, whole item centred, filling about 70% of the frame. Plain seamless light neutral background #F4F6F9, no texture, no horizon line. Soft large-softbox studio lighting, soft contact shadow underneath, sharp focus across the whole item, photorealistic e-commerce catalog product photo, high detail, 85mm lens look, square 1:1, 1200x1200.";text, letters, numbers, logo, brand name, manufacturer marking, watermark, printed label, people, hands, faces, multiple products, cluttered background, props, distorted geometry, extra parts, cartoon, illustration, CGI look, blur, low resolution;текст, буквы, цифры, логотип, бренд, заводская маркировка, водяной знак, этикетка с надписями, люди, руки, лица, несколько предметов, захламленный фон, реквизит, искаженная геометрия, лишние детали, мультяшный стиль, иллюстрация, вид 3D-рендера, размытие, низкое разрешение;генерация;"Генерация по промпту; за основу — готовый снимок кадра F00048 (тот же ракурс, свет, фон), меняется только отличие подкадра.";photos/F00048-e.webp
F00048-f;F00048;2;6149;Кабельные муфты;Муфта концевая;муфта концевая;"тип — внутренняя, наружная; 90–250 кВт";муфта концевая;внутренняя, наружная;90–250 кВт;;свой снимок;26;"Фотореалистичная предметная фотография для каталога. Подкадр F00048-f (26 из 2563 позиций кадра F00048). Отличие от соседних подкадров: тип — внутренняя, наружная; 90–250 кВт. Что в кадре: муфта концевая, внутренняя, наружная, 90–250 кВт. Как выглядит: муфта: соединительная деталь или кабельная муфта — набор термоусадочных трубок, манжет и перчатки. По данным позиций кадра: изоляция — пластмассовая (77 %); тип — концевая; установка — внутренняя, наружная. Ракурс и композиция: 3/4 немного сверху, изделие целиком по центру, занимает около 70 % кадра. Фон: светлый нейтральный бесшовный #F4F6F9 без текстуры и горизонта. Свет: мягкий студийный из большого софтбокса, мягкая тень под предметом, резкость по всему предмету. Не должно быть: чужих логотипов, названий заводов и брендов, водяных знаков, надписей и любого текста, людей и рук, лишних предметов. Итог: квадрат 1200×1200 px, WebP.";"Photorealistic catalog product photo. Distinctive for this variant: 90-250 kW. End cable joint. Joint or coupling; for cable joints, a set of heat-shrink tubes, sleeves and a breakout boot. Insulation: plastic; type: end. Three-quarter view from slightly above, whole item centred, filling about 70% of the frame. Plain seamless light neutral background #F4F6F9, no texture, no horizon line. Soft large-softbox studio lighting, soft contact shadow underneath, sharp focus across the whole item, photorealistic e-commerce catalog product photo, high detail, 85mm lens look, square 1:1, 1200x1200.";text, letters, numbers, logo, brand name, manufacturer marking, watermark, printed label, people, hands, faces, multiple products, cluttered background, props, distorted geometry, extra parts, cartoon, illustration, CGI look, blur, low resolution;текст, буквы, цифры, логотип, бренд, заводская маркировка, водяной знак, этикетка с надписями, люди, руки, лица, несколько предметов, захламленный фон, реквизит, искаженная геометрия, лишние детали, мультяшный стиль, иллюстрация, вид 3D-рендера, размытие, низкое разрешение;генерация;"Генерация по промпту; за основу — готовый снимок кадра F00048 (тот же ракурс, свет, фон), меняется только отличие подкадра.";photos/F00048-f.webp
F00048-g;F00048;2;6388;Кабельные муфты;Муфта концевая;муфта концевая;"тип — внутренняя, наружная; 30–75 кВт";муфта концевая;внутренняя, наружная;30–75 кВт;;свой снимок;25;"Фотореалистичная предметная фотография для каталога. Подкадр F00048-g (25 из 2563 позиций кадра F00048). Отличие от соседних подкадров: тип — внутренняя, наружная; 30–75 кВт. Что в кадре: муфта концевая, внутренняя, наружная, 30–75 кВт. Как выглядит: муфта: соединительная деталь или кабельная муфта — набор термоусадочных трубок, манжет и перчатки. По данным позиций кадра: изоляция — пластмассовая (76 %); тип — концевая; установка — внутренняя, наружная. Ракурс и композиция: 3/4 немного сверху, изделие целиком по центру, занимает около 70 % кадра. Фон: светлый нейтральный бесшовный #F4F6F9 без текстуры и горизонта. Свет: мягкий студийный из большого софтбокса, мягкая тень под предметом, резкость по всему предмету. Не должно быть: чужих логотипов, названий заводов и брендов, водяных знаков, надписей и любого текста, людей и рук, лишних предметов. Итог: квадрат 1200×1200 px, WebP.";"Photorealistic catalog product photo. Distinctive for this variant: 30-75 kW. End cable joint. Joint or coupling; for cable joints, a set of heat-shrink tubes, sleeves and a breakout boot. Insulation: plastic; type: end. Three-quarter view from slightly above, whole item centred, filling about 70% of the frame. Plain seamless light neutral background #F4F6F9, no texture, no horizon line. Soft large-softbox studio lighting, soft contact shadow underneath, sharp focus across the whole item, photorealistic e-commerce catalog product photo, high detail, 85mm lens look, square 1:1, 1200x1200.";text, letters, numbers, logo, brand name, manufacturer marking, watermark, printed label, people, hands, faces, multiple products, cluttered background, props, distorted geometry, extra parts, cartoon, illustration, CGI look, blur, low resolution;текст, буквы, цифры, логотип, бренд, заводская маркировка, водяной знак, этикетка с надписями, люди, руки, лица, несколько предметов, захламленный фон, реквизит, искаженная геометрия, лишние детали, мультяшный стиль, иллюстрация, вид 3D-рендера, размытие, низкое разрешение;генерация;"Генерация по промпту; за основу — готовый снимок кадра F00048 (тот же ракурс, свет, фон), меняется только отличие подкадра.";photos/F00048-g.webp
F00048-h;F00048;3;17301;Кабельные муфты;Муфта концевая;муфта концевая;"тип — внутренняя; 11–22 кВт";муфта концевая;внутренняя;11–22 кВт;;свой снимок;8;"Фотореалистичная предметная фотография для каталога. Подкадр F00048-h (8 из 2563 позиций кадра F00048). Отличие от соседних подкадров: тип — внутренняя; 11–22 кВт. Что в кадре: муфта концевая, внутренняя, 11–22 кВт. Как выглядит: муфта: соединительная деталь или кабельная муфта — набор термоусадочных трубок, манжет и перчатки. По данным позиций кадра: изоляция — бумажная; тип — концевая; установка — внутренняя. Ракурс и композиция: 3/4 немного сверху, изделие целиком по центру, занимает около 70 % кадра. Фон: светлый нейтральный бесшовный #F4F6F9 без текстуры и горизонта. Свет: мягкий студийный из большого софтбокса, мягкая тень под предметом, резкость по всему предмету. Не должно быть: чужих логотипов, названий заводов и брендов, водяных знаков, надписей и любого текста, людей и рук, лишних предметов. Итог: квадрат 1200×1200 px, WebP.";"Photorealistic catalog product photo. Distinctive for this variant: 11-22 kW. End cable joint. Joint or coupling; for cable joints, a set of heat-shrink tubes, sleeves and a breakout boot. Type: end. Three-quarter view from slightly above, whole item centred, filling about 70% of the frame. Plain seamless light neutral background #F4F6F9, no texture, no horizon line. Soft large-softbox studio lighting, soft contact shadow underneath, sharp focus across the whole item, photorealistic e-commerce catalog product photo, high detail, 85mm lens look, square 1:1, 1200x1200.";text, letters, numbers, logo, brand name, manufacturer marking, watermark, printed label, people, hands, faces, multiple products, cluttered background, props, distorted geometry, extra parts, cartoon, illustration, CGI look, blur, low resolution;текст, буквы, цифры, логотип, бренд, заводская маркировка, водяной знак, этикетка с надписями, люди, руки, лица, несколько предметов, захламленный фон, реквизит, искаженная геометрия, лишние детали, мультяшный стиль, иллюстрация, вид 3D-рендера, размытие, низкое разрешение;генерация;"Генерация по промпту; за основу — готовый снимок кадра F00048 (тот же ракурс, свет, фон), меняется только отличие подкадра.";photos/F00048-h.webp
F00048-i;F00048;3;19656;Кабельные муфты;Муфта концевая;муфта концевая;"тип — внутренняя, наружная; 11–22 кВт";муфта концевая;внутренняя, наружная;11–22 кВт;;свой снимок;7;"Фотореалистичная предметная фотография для каталога. Подкадр F00048-i (7 из 2563 позиций кадра F00048). Отличие от соседних подкадров: тип — внутренняя, наружная; 11–22 кВт. Что в кадре: муфта концевая, внутренняя, наружная, 11–22 кВт. Как выглядит: муфта: соединительная деталь или кабельная муфта — набор термоусадочных трубок, манжет и перчатки. По данным позиций кадра: изоляция — пластмассовая; тип — концевая; установка — внутренняя, наружная. Ракурс и композиция: 3/4 немного сверху, изделие целиком по центру, занимает около 70 % кадра. Фон: светлый нейтральный бесшовный #F4F6F9 без текстуры и горизонта. Свет: мягкий студийный из большого софтбокса, мягкая тень под предметом, резкость по всему предмету. Не должно быть: чужих логотипов, названий заводов и брендов, водяных знаков, надписей и любого текста, людей и рук, лишних предметов. Итог: квадрат 1200×1200 px, WebP.";"Photorealistic catalog product photo. Distinctive for this variant: 11-22 kW. End cable joint. Joint or coupling; for cable joints, a set of heat-shrink tubes, sleeves and a breakout boot. Insulation: plastic; type: end. Three-quarter view from slightly above, whole item centred, filling about 70% of the frame. Plain seamless light neutral background #F4F6F9, no texture, no horizon line. Soft large-softbox studio lighting, soft contact shadow underneath, sharp focus across the whole item, photorealistic e-commerce catalog product photo, high detail, 85mm lens look, square 1:1, 1200x1200.";text, letters, numbers, logo, brand name, manufacturer marking, watermark, printed label, people, hands, faces, multiple products, cluttered background, props, distorted geometry, extra parts, cartoon, illustration, CGI look, blur, low resolution;текст, буквы, цифры, логотип, бренд, заводская маркировка, водяной знак, этикетка с надписями, люди, руки, лица, несколько предметов, захламленный фон, реквизит, искаженная геометрия, лишние детали, мультяшный стиль, иллюстрация, вид 3D-рендера, размытие, низкое разрешение;генерация;"Генерация по промпту; за основу — готовый снимок кадра F00048 (тот же ракурс, свет, фон), меняется только отличие подкадра.";photos/F00048-i.webp
F00048-j;F00048;3;19657;Кабельные муфты;Муфта концевая;муфта концевая;"тип — внутренняя, наружная; габариты 70–130 мм (в ладони)";муфта концевая;внутренняя, наружная;;70–130 мм (в ладони);свой снимок;7;"Фотореалистичная предметная фотография для каталога. Подкадр F00048-j (7 из 2563 позиций кадра F00048). Отличие от соседних подкадров: тип — внутренняя, наружная; габариты 70–130 мм (в ладони). Что в кадре: муфта концевая, внутренняя, наружная, габариты 70–130 мм (в ладони). Как выглядит: муфта: соединительная деталь или кабельная муфта — набор термоусадочных трубок, манжет и перчатки. По данным позиций кадра: материал — полимер термоусаживаемый; тип — концевая; установка — внутренняя, наружная. Масштаб: длина/ширина около 82 мм (медиана по позициям) — помещается в ладони. Ракурс и композиция: 3/4 немного сверху, изделие целиком по центру, занимает около 70 % кадра. Фон: светлый нейтральный бесшовный #F4F6F9 без текстуры и горизонта. Свет: мягкий студийный из большого софтбокса, мягкая тень под предметом, резкость по всему предмету. Не должно быть: чужих логотипов, названий заводов и брендов, водяных знаков, надписей и любого текста, людей и рук, лишних предметов. Итог: квадрат 1200×1200 px, WebP.";"Photorealistic catalog product photo. Distinctive for this variant: 70-130 mm, fits in a palm. End cable joint. Joint or coupling; for cable joints, a set of heat-shrink tubes, sleeves and a breakout boot. Material: polymer; type: end. Scale: about 82 mm, fits in a palm. Three-quarter view from slightly above, whole item centred, filling about 70% of the frame. Plain seamless light neutral background #F4F6F9, no texture, no horizon line. Soft large-softbox studio lighting, soft contact shadow underneath, sharp focus across the whole item, photorealistic e-commerce catalog product photo, high detail, 85mm lens look, square 1:1, 1200x1200.";text, letters, numbers, logo, brand name, manufacturer marking, watermark, printed label, people, hands, faces, multiple products, cluttered background, props, distorted geometry, extra parts, cartoon, illustration, CGI look, blur, low resolution;текст, буквы, цифры, логотип, бренд, заводская маркировка, водяной знак, этикетка с надписями, люди, руки, лица, несколько предметов, захламленный фон, реквизит, искаженная геометрия, лишние детали, мультяшный стиль, иллюстрация, вид 3D-рендера, размытие, низкое разрешение;генерация;"Генерация по промпту; за основу — готовый снимок кадра F00048 (тот же ракурс, свет, фон), меняется только отличие подкадра.";photos/F00048-j.webp
F00048-k;F00048;4;21663;Кабельные муфты;Муфта концевая;муфта концевая;"тип — наружная; 90–250 кВт";муфта концевая;наружная;90–250 кВт;;свой снимок;6;"Фотореалистичная предметная фотография для каталога. Подкадр F00048-k (6 из 2563 позиций кадра F00048). Отличие от соседних подкадров: тип — наружная; 90–250 кВт. Что в кадре: муфта концевая, наружная, 90–250 кВт. Как выглядит: муфта: соединительная деталь или кабельная муфта — набор термоусадочных трубок, манжет и перчатки. По данным позиций кадра: изоляция — пластмассовая (67 %); тип — концевая; установка — наружная. Ракурс и композиция: 3/4 немного сверху, изделие целиком по центру, занимает около 70 % кадра. Фон: светлый нейтральный бесшовный #F4F6F9 без текстуры и горизонта. Свет: мягкий студийный из большого софтбокса, мягкая тень под предметом, резкость по всему предмету. Не должно быть: чужих логотипов, названий заводов и брендов, водяных знаков, надписей и любого текста, людей и рук, лишних предметов. Итог: квадрат 1200×1200 px, WebP.";"Photorealistic catalog product photo. Distinctive for this variant: 90-250 kW. End cable joint. Joint or coupling; for cable joints, a set of heat-shrink tubes, sleeves and a breakout boot. Insulation: plastic; type: end. Three-quarter view from slightly above, whole item centred, filling about 70% of the frame. Plain seamless light neutral background #F4F6F9, no texture, no horizon line. Soft large-softbox studio lighting, soft contact shadow underneath, sharp focus across the whole item, photorealistic e-commerce catalog product photo, high detail, 85mm lens look, square 1:1, 1200x1200.";text, letters, numbers, logo, brand name, manufacturer marking, watermark, printed label, people, hands, faces, multiple products, cluttered background, props, distorted geometry, extra parts, cartoon, illustration, CGI look, blur, low resolution;текст, буквы, цифры, логотип, бренд, заводская маркировка, водяной знак, этикетка с надписями, люди, руки, лица, несколько предметов, захламленный фон, реквизит, искаженная геометрия, лишние детали, мультяшный стиль, иллюстрация, вид 3D-рендера, размытие, низкое разрешение;генерация;"Генерация по промпту; за основу — готовый снимок кадра F00048 (тот же ракурс, свет, фон), меняется только отличие подкадра.";photos/F00048-k.webp
F00094-a;F00094;1;112;Кабельные муфты;Муфта соединительная;муфта соединительная;"тип — внутренняя, наружная; у позиций разные: материал, мощность, размер";муфта соединительная;внутренняя, наружная;;;свой снимок;1036;"Фотореалистичная предметная фотография для каталога. Подкадр F00094-a (1036 из 1482 позиций кадра F00094). Отличие от соседних подкадров: тип — внутренняя, наружная; у позиций разные: материал, мощность, размер. Что в кадре: муфта соединительная, внутренняя, наружная. Как выглядит: муфта: соединительная деталь или кабельная муфта — набор термоусадочных трубок, манжет и перчатки. По данным позиций кадра: изоляция — пластмассовая (63 %); тип — соединительная; установка — внутренняя, наружная. Масштаб: наружный диаметр около 60 мм (медиана по позициям) — небольшая деталь — размером со спичечный коробок. Ракурс и композиция: 3/4 немного сверху, изделие целиком по центру, занимает около 70 % кадра. Фон: светлый нейтральный бесшовный #F4F6F9 без текстуры и горизонта. Свет: мягкий студийный из большого софтбокса, мягкая тень под предметом, резкость по всему предмету. Не должно быть: чужих логотипов, названий заводов и брендов, водяных знаков, надписей и любого текста, людей и рук, лишних предметов. Итог: квадрат 1200×1200 px, WebP.";"Photorealistic catalog product photo. Straight-through cable joint. Joint or coupling; for cable joints, a set of heat-shrink tubes, sleeves and a breakout boot. Insulation: plastic; type: straight-through. Scale: outer diameter about 60 mm, small part, about matchbox size. Three-quarter view from slightly above, whole item centred, filling about 70% of the frame. Plain seamless light neutral background #F4F6F9, no texture, no horizon line. Soft large-softbox studio lighting, soft contact shadow underneath, sharp focus across the whole item, photorealistic e-commerce catalog product photo, high detail, 85mm lens look, square 1:1, 1200x1200.";text, letters, numbers, logo, brand name, manufacturer marking, watermark, printed label, people, hands, faces, multiple products, cluttered background, props, distorted geometry, extra parts, cartoon, illustration, CGI look, blur, low resolution;текст, буквы, цифры, логотип, бренд, заводская маркировка, водяной знак, этикетка с надписями, люди, руки, лица, несколько предметов, захламленный фон, реквизит, искаженная геометрия, лишние детали, мультяшный стиль, иллюстрация, вид 3D-рендера, размытие, низкое разрешение;генерация;"Генерация по промпту; за основу — готовый снимок кадра F00094 (тот же ракурс, свет, фон), меняется только отличие подкадра.";photos/F00094-a.webp
F00094-b;F00094;1;678;Кабельные муфты;Муфта соединительная;муфта соединительная;"тип — внутренняя; у позиций разные: размер";муфта соединительная;внутренняя;;;свой снимок;199;"Фотореалистичная предметная фотография для каталога. Подкадр F00094-b (199 из 1482 позиций кадра F00094). Отличие от соседних подкадров: тип — внутренняя; у позиций разные: размер. Что в кадре: муфта соединительная, внутренняя. Как выглядит: муфта: соединительная деталь или кабельная муфта — набор термоусадочных трубок, манжет и перчатки. По данным позиций кадра: изоляция — пластмассовая (75 %); тип — соединительная; установка — внутренняя. Масштаб: длина/ширина около 100 мм (медиана по позициям) — помещается в ладони. Ракурс и композиция: 3/4 немного сверху, изделие целиком по центру, занимает около 70 % кадра. Фон: светлый нейтральный бесшовный #F4F6F9 без текстуры и горизонта. Свет: мягкий студийный из большого софтбокса, мягкая тень под предметом, резкость по всему предмету. Не должно быть: чужих логотипов, названий заводов и брендов, водяных знаков, надписей и любого текста, людей и рук, лишних предметов. Итог: квадрат 1200×1200 px, WebP.";"Photorealistic catalog product photo. Straight-through cable joint. Joint or coupling; for cable joints, a set of heat-shrink tubes, sleeves and a breakout boot. Insulation: plastic; type: straight-through. Scale: about 100 mm, fits in a palm. Three-quarter view from slightly above, whole item centred, filling about 70% of the frame. Plain seamless light neutral background #F4F6F9, no texture, no horizon line. Soft large-softbox studio lighting, soft contact shadow underneath, sharp focus across the whole item, photorealistic e-commerce catalog product photo, high detail, 85mm lens look, square 1:1, 1200x1200.";text, letters, numbers, logo, brand name, manufacturer marking, watermark, printed label, people, hands, faces, multiple products, cluttered background, props, distorted geometry, extra parts, cartoon, illustration, CGI look, blur, low resolution;текст, буквы, цифры, логотип, бренд, заводская маркировка, водяной знак, этикетка с надписями, люди, руки, лица, несколько предметов, захламленный фон, реквизит, искаженная геометрия, лишние детали, мультяшный стиль, иллюстрация, вид 3D-рендера, размытие, низкое разрешение;генерация;"Генерация по промпту; за основу — готовый снимок кадра F00094 (тот же ракурс, свет, фон), меняется только отличие подкадра.";photos/F00094-b.webp
F00094-c;F00094;1;745;Кабельные муфты;Муфта соединительная;муфта соединительная;"тип — наружная; у позиций разные: мощность, размер";муфта соединительная;наружная;;;свой снимок;183;"Фотореалистичная предметная фотография для каталога. Подкадр F00094-c (183 из 1482 позиций кадра F00094). Отличие от соседних подкадров: тип — наружная; у позиций разные: мощность, размер. Что в кадре: муфта соединительная, наружная. Как выглядит: муфта: соединительная деталь или кабельная муфта — набор термоусадочных трубок, манжет и перчатки. По данным позиций кадра: изоляция — пластмассовая (86 %); тип — соединительная; установка — наружная. Масштаб: наружный диаметр около 38 мм (медиана по позициям) — небольшая деталь — размером со спичечный коробок. Ракурс и композиция: 3/4 немного сверху, изделие целиком по центру, занимает около 70 % кадра. Фон: светлый нейтральный бесшовный #F4F6F9 без текстуры и горизонта. Свет: мягкий студийный из большого софтбокса, мягкая тень под предметом, резкость по всему предмету. Не должно быть: чужих логотипов, названий заводов и брендов, водяных знаков, надписей и любого текста, людей и рук, лишних предметов. Итог: квадрат 1200×1200 px, WebP.";"Photorealistic catalog product photo. Straight-through cable joint. Joint or coupling; for cable joints, a set of heat-shrink tubes, sleeves and a breakout boot. Insulation: plastic; type: straight-through. Scale: outer diameter about 38 mm, small part, about matchbox size. Three-quarter view from slightly above, whole item centred, filling about 70% of the frame. Plain seamless light neutral background #F4F6F9, no texture, no horizon line. Soft large-softbox studio lighting, soft contact shadow underneath, sharp focus across the whole item, photorealistic e-commerce catalog product photo, high detail, 85mm lens look, square 1:1, 1200x1200.";text, letters, numbers, logo, brand name, manufacturer marking, watermark, printed label, people, hands, faces, multiple products, cluttered background, props, distorted geometry, extra parts, cartoon, illustration, CGI look, blur, low resolution;текст, буквы, цифры, логотип, бренд, заводская маркировка, водяной знак, этикетка с надписями, люди, руки, лица, несколько предметов, захламленный фон, реквизит, искаженная геометрия, лишние детали, мультяшный стиль, иллюстрация, вид 3D-рендера, размытие, низкое разрешение;генерация;"Генерация по промпту; за основу — готовый снимок кадра F00094 (тот же ракурс, свет, фон), меняется только отличие подкадра.";photos/F00094-c.webp
F00094-d;F00094;2;4699;Кабельные муфты;Муфта соединительная;муфта соединительная;"тип — внутренняя, наружная; 90–250 кВт";муфта соединительная;внутренняя, наружная;90–250 кВт;;свой снимок;34;"Фотореалистичная предметная фотография для каталога. Подкадр F00094-d (34 из 1482 позиций кадра F00094). Отличие от соседних подкадров: тип — внутренняя, наружная; 90–250 кВт. Что в кадре: муфта соединительная, внутренняя, наружная, 90–250 кВт. Как выглядит: муфта: соединительная деталь или кабельная муфта — набор термоусадочных трубок, манжет и перчатки. По данным позиций кадра: изоляция — пластмассовая (71 %); тип — соединительная; установка — внутренняя, наружная. Ракурс и композиция: 3/4 немного сверху, изделие целиком по центру, занимает около 70 % кадра. Фон: светлый нейтральный бесшовный #F4F6F9 без текстуры и горизонта. Свет: мягкий студийный из большого софтбокса, мягкая тень под предметом, резкость по всему предмету. Не должно быть: чужих логотипов, названий заводов и брендов, водяных знаков, надписей и любого текста, людей и рук, лишних предметов. Итог: квадрат 1200×1200 px, WebP.";"Photorealistic catalog product photo. Distinctive for this variant: 90-250 kW. Straight-through cable joint. Joint or coupling; for cable joints, a set of heat-shrink tubes, sleeves and a breakout boot. Insulation: plastic; type: straight-through. Three-quarter view from slightly above, whole item centred, filling about 70% of the frame. Plain seamless light neutral background #F4F6F9, no texture, no horizon line. Soft large-softbox studio lighting, soft contact shadow underneath, sharp focus across the whole item, photorealistic e-commerce catalog product photo, high detail, 85mm lens look, square 1:1, 1200x1200.";text, letters, numbers, logo, brand name, manufacturer marking, watermark, printed label, people, hands, faces, multiple products, cluttered background, props, distorted geometry, extra parts, cartoon, illustration, CGI look, blur, low resolution;текст, буквы, цифры, логотип, бренд, заводская маркировка, водяной знак, этикетка с надписями, люди, руки, лица, несколько предметов, захламленный фон, реквизит, искаженная геометрия, лишние детали, мультяшный стиль, иллюстрация, вид 3D-рендера, размытие, низкое разрешение;генерация;"Генерация по промпту; за основу — готовый снимок кадра F00094 (тот же ракурс, свет, фон), меняется только отличие подкадра.";photos/F00094-d.webp
F00094-e;F00094;2;5364;Кабельные муфты;Муфта соединительная;муфта соединительная;"тип — внутренняя, наружная; 30–75 кВт";муфта соединительная;внутренняя, наружная;30–75 кВт;;свой снимок;30;"Фотореалистичная предметная фотография для каталога. Подкадр F00094-e (30 из 1482 позиций кадра F00094). Отличие от соседних подкадров: тип — внутренняя, наружная; 30–75 кВт. Что в кадре: муфта соединительная, внутренняя, наружная, 30–75 кВт. Как выглядит: муфта: соединительная деталь или кабельная муфта — набор термоусадочных трубок, манжет и перчатки. По данным позиций кадра: изоляция — пластмассовая (73 %); тип — соединительная; установка — внутренняя, наружная. Ракурс и композиция: 3/4 немного сверху, изделие целиком по центру, занимает около 70 % кадра. Фон: светлый нейтральный бесшовный #F4F6F9 без текстуры и горизонта. Свет: мягкий студийный из большого софтбокса, мягкая тень под предметом, резкость по всему предмету. Не должно быть: чужих логотипов, названий заводов и брендов, водяных знаков, надписей и любого текста, людей и рук, лишних предметов. Итог: квадрат 1200×1200 px, WebP.";"Photorealistic catalog product photo. Distinctive for this variant: 30-75 kW. Straight-through cable joint. Joint or coupling; for cable joints, a set of heat-shrink tubes, sleeves and a breakout boot. Insulation: plastic; type: straight-through. Three-quarter view from slightly above, whole item centred, filling about 70% of the frame. Plain seamless light neutral background #F4F6F9, no texture, no horizon line. Soft large-softbox studio lighting, soft contact shadow underneath, sharp focus across the whole item, photorealistic e-commerce catalog product photo, high detail, 85mm lens look, square 1:1, 1200x1200.";text, letters, numbers, logo, brand name, manufacturer marking, watermark, printed label, people, hands, faces, multiple products, cluttered background, props, distorted geometry, extra parts, cartoon, illustration, CGI look, blur, low resolution;текст, буквы, цифры, логотип, бренд, заводская маркировка, водяной знак, этикетка с надписями, люди, руки, лица, несколько предметов, захламленный фон, реквизит, искаженная геометрия, лишние детали, мультяшный стиль, иллюстрация, вид 3D-рендера, размытие, низкое разрешение;генерация;"Генерация по промпту; за основу — готовый снимок кадра F00094 (тот же ракурс, свет, фон), меняется только отличие подкадра.";photos/F00094-e.webp
F02336-a;F02336;2;6871;Кабельные муфты;Муфта ответвительная;муфта ответвительная;"тип — внутренняя, наружная; у позиций разные: мощность";муфта ответвительная;внутренняя, наружная;;;свой снимок;24;"Фотореалистичная предметная фотография для каталога. Подкадр F02336-a (24 из 48 позиций кадра F02336). Отличие от соседних подкадров: тип — внутренняя, наружная; у позиций разные: мощность. Что в кадре: муфта ответвительная, внутренняя, наружная. Как выглядит: муфта: соединительная деталь или кабельная муфта — набор термоусадочных трубок, манжет и перчатки. По данным позиций кадра: изоляция — пластмассовая; тип — ответвительная; установка — внутренняя, наружная. Масштаб: масса около 0,8 кг (медиана по позициям). Ракурс и композиция: 3/4 немного сверху, изделие целиком по центру, занимает около 70 % кадра. Фон: светлый нейтральный бесшовный #F4F6F9 без текстуры и горизонта. Свет: мягкий студийный из большого софтбокса, мягкая тень под предметом, резкость по всему предмету. Не должно быть: чужих логотипов, названий заводов и брендов, водяных знаков, надписей и любого текста, людей и рук, лишних предметов. Итог: квадрат 1200×1200 px, WebP.";"Photorealistic catalog product photo. Branch cable joint. Joint or coupling; for cable joints, a set of heat-shrink tubes, sleeves and a breakout boot. Insulation: plastic; type: branch. Scale: weight about 0.8 kg. Three-quarter view from slightly above, whole item centred, filling about 70% of the frame. Plain seamless light neutral background #F4F6F9, no texture, no horizon line. Soft large-softbox studio lighting, soft contact shadow underneath, sharp focus across the whole item, photorealistic e-commerce catalog product photo, high detail, 85mm lens look, square 1:1, 1200x1200.";text, letters, numbers, logo, brand name, manufacturer marking, watermark, printed label, people, hands, faces, multiple products, cluttered background, props, distorted geometry, extra parts, cartoon, illustration, CGI look, blur, low resolution;текст, буквы, цифры, логотип, бренд, заводская маркировка, водяной знак, этикетка с надписями, люди, руки, лица, несколько предметов, захламленный фон, реквизит, искаженная геометрия, лишние детали, мультяшный стиль, иллюстрация, вид 3D-рендера, размытие, низкое разрешение;генерация;"Генерация по промпту; за основу — готовый снимок кадра F02336 (тот же ракурс, свет, фон), меняется только отличие подкадра.";photos/F02336-a.webp
F02336-b;F02336;2;6872;Кабельные муфты;Муфта ответвительная;муфта ответвительная;тип — наружная;муфта ответвительная;наружная;;;свой снимок;24;"Фотореалистичная предметная фотография для каталога. Подкадр F02336-b (24 из 48 позиций кадра F02336). Отличие от соседних подкадров: тип — наружная. Что в кадре: муфта ответвительная, наружная. Как выглядит: муфта: соединительная деталь или кабельная муфта — набор термоусадочных трубок, манжет и перчатки. По данным позиций кадра: изоляция — пластмассовая; тип — ответвительная; установка — наружная. Ракурс и композиция: 3/4 немного сверху, изделие целиком по центру, занимает около 70 % кадра. Фон: светлый нейтральный бесшовный #F4F6F9 без текстуры и горизонта. Свет: мягкий студийный из большого софтбокса, мягкая тень под предметом, резкость по всему предмету. Не должно быть: чужих логотипов, названий заводов и брендов, водяных знаков, надписей и любого текста, людей и рук, лишних предметов. Итог: квадрат 1200×1200 px, WebP.";"Photorealistic catalog product photo. Branch cable joint. Joint or coupling; for cable joints, a set of heat-shrink tubes, sleeves and a breakout boot. Insulation: plastic; type: branch. Three-quarter view from slightly above, whole item centred, filling about 70% of the frame. Plain seamless light neutral background #F4F6F9, no texture, no horizon line. Soft large-softbox studio lighting, soft contact shadow underneath, sharp focus across the whole item, photorealistic e-commerce catalog product photo, high detail, 85mm lens look, square 1:1, 1200x1200.";text, letters, numbers, logo, brand name, manufacturer marking, watermark, printed label, people, hands, faces, multiple products, cluttered background, props, distorted geometry, extra parts, cartoon, illustration, CGI look, blur, low resolution;текст, буквы, цифры, логотип, бренд, заводская маркировка, водяной знак, этикетка с надписями, люди, руки, лица, несколько предметов, захламленный фон, реквизит, искаженная геометрия, лишние детали, мультяшный стиль, иллюстрация, вид 3D-рендера, размытие, низкое разрешение;генерация;"Генерация по промпту; за основу — готовый снимок кадра F02336 (тот же ракурс, свет, фон), меняется только отличие подкадра.";photos/F02336-b.webp
F02418-a;F02418;2;4939;Кабельные муфты;Муфта переходная;муфта переходная;тип — внутренняя, наружная;муфта переходная;внутренняя, наружная;;;свой снимок;33;"Фотореалистичная предметная фотография для каталога. Подкадр F02418-a (33 из 46 позиций кадра F02418). Отличие от соседних подкадров: тип — внутренняя, наружная. Что в кадре: муфта переходная, внутренняя, наружная. Как выглядит: муфта: соединительная деталь или кабельная муфта — набор термоусадочных трубок, манжет и перчатки. По данным позиций кадра: изоляция — пластмассовая (47 %); тип — переходная; установка — внутренняя, наружная. Ракурс и композиция: 3/4 немного сверху, изделие целиком по центру, занимает около 70 % кадра. Фон: светлый нейтральный бесшовный #F4F6F9 без текстуры и горизонта. Свет: мягкий студийный из большого софтбокса, мягкая тень под предметом, резкость по всему предмету. Не должно быть: чужих логотипов, названий заводов и брендов, водяных знаков, надписей и любого текста, людей и рук, лишних предметов. Итог: квадрат 1200×1200 px, WebP.";"Photorealistic catalog product photo. Adapter cable joint. Joint or coupling; for cable joints, a set of heat-shrink tubes, sleeves and a breakout boot. Insulation: plastic; type: adapter. Three-quarter view from slightly above, whole item centred, filling about 70% of the frame. Plain seamless light neutral background #F4F6F9, no texture, no horizon line. Soft large-softbox studio lighting, soft contact shadow underneath, sharp focus across the whole item, photorealistic e-commerce catalog product photo, high detail, 85mm lens look, square 1:1, 1200x1200.";text, letters, numbers, logo, brand name, manufacturer marking, watermark, printed label, people, hands, faces, multiple products, cluttered background, props, distorted geometry, extra parts, cartoon, illustration, CGI look, blur, low resolution;текст, буквы, цифры, логотип, бренд, заводская маркировка, водяной знак, этикетка с надписями, люди, руки, лица, несколько предметов, захламленный фон, реквизит, искаженная геометрия, лишние детали, мультяшный стиль, иллюстрация, вид 3D-рендера, размытие, низкое разрешение;генерация;"Генерация по промпту; за основу — готовый снимок кадра F02418 (тот же ракурс, свет, фон), меняется только отличие подкадра.";photos/F02418-a.webp
F02418-b;F02418;3;12075;Кабельные муфты;Муфта переходная;муфта переходная;тип — наружная;муфта переходная;наружная;;;свой снимок;13;"Фотореалистичная предметная фотография для каталога. Подкадр F02418-b (13 из 46 позиций кадра F02418). Отличие от соседних подкадров: тип — наружная. Что в кадре: муфта переходная, наружная. Как выглядит: муфта: соединительная деталь или кабельная муфта — набор термоусадочных трубок, манжет и перчатки. По данным позиций кадра: изоляция — пластмассовая (54 %); тип — переходная; установка — наружная. Ракурс и композиция: 3/4 немного сверху, изделие целиком по центру, занимает около 70 % кадра. Фон: светлый нейтральный бесшовный #F4F6F9 без текстуры и горизонта. Свет: мягкий студийный из большого софтбокса, мягкая тень под предметом, резкость по всему предмету. Не должно быть: чужих логотипов, названий заводов и брендов, водяных знаков, надписей и любого текста, людей и рук, лишних предметов. Итог: квадрат 1200×1200 px, WebP.";"Photorealistic catalog product photo. Adapter cable joint. Joint or coupling; for cable joints, a set of heat-shrink tubes, sleeves and a breakout boot. Insulation: plastic; type: adapter. Three-quarter view from slightly above, whole item centred, filling about 70% of the frame. Plain seamless light neutral background #F4F6F9, no texture, no horizon line. Soft large-softbox studio lighting, soft contact shadow underneath, sharp focus across the whole item, photorealistic e-commerce catalog product photo, high detail, 85mm lens look, square 1:1, 1200x1200.";text, letters, numbers, logo, brand name, manufacturer marking, watermark, printed label, people, hands, faces, multiple products, cluttered background, props, distorted geometry, extra parts, cartoon, illustration, CGI look, blur, low resolution;текст, буквы, цифры, логотип, бренд, заводская маркировка, водяной знак, этикетка с надписями, люди, руки, лица, несколько предметов, захламленный фон, реквизит, искаженная геометрия, лишние детали, мультяшный стиль, иллюстрация, вид 3D-рендера, размытие, низкое разрешение;генерация;"Генерация по промпту; за основу — готовый снимок кадра F02418 (тот же ракурс, свет, фон), меняется только отличие подкадра.";photos/F02418-b.webp
F02853-a;F02853;3;10724;Кабельные муфты;Муфта оптическая;муфта оптическая;габариты 130–450 мм (с обувную коробку);муфта оптическая;;;130–450 мм (с обувную коробку);свой снимок;15;"Фотореалистичная предметная фотография для каталога. Подкадр F02853-a (15 из 33 позиций кадра F02853). Отличие от соседних подкадров: габариты 130–450 мм (с обувную коробку). Что в кадре: муфта оптическая, габариты 130–450 мм (с обувную коробку). Как выглядит: муфта: соединительная деталь или кабельная муфта — набор термоусадочных трубок, манжет и перчатки. По данным позиций кадра: тип — оптическая. Масштаб: наружный диаметр около 146 мм; ширина около 195 мм (медиана по позициям) — размером примерно с обувную коробку. Ракурс и композиция: 3/4 немного сверху, изделие целиком по центру, занимает около 70 % кадра. Фон: светлый нейтральный бесшовный #F4F6F9 без текстуры и горизонта. Свет: мягкий студийный из большого софтбокса, мягкая тень под предметом, резкость по всему предмету. Не должно быть: чужих логотипов, названий заводов и брендов, водяных знаков, надписей и любого текста, людей и рук, лишних предметов. Итог: квадрат 1200×1200 px, WebP.";"Photorealistic catalog product photo. Distinctive for this variant: 130-450 mm, shoebox size. Optical cable joint. Joint or coupling; for cable joints, a set of heat-shrink tubes, sleeves and a breakout boot. Type: optical. Scale: outer diameter about 146 mm, width about 195 mm, about shoebox size. Three-quarter view from slightly above, whole item centred, filling about 70% of the frame. Plain seamless light neutral background #F4F6F9, no texture, no horizon line. Soft large-softbox studio lighting, soft contact shadow underneath, sharp focus across the whole item, photorealistic e-commerce catalog product photo, high detail, 85mm lens look, square 1:1, 1200x1200.";text, letters, numbers, logo, brand name, manufacturer marking, watermark, printed label, people, hands, faces, multiple products, cluttered background, props, distorted geometry, extra parts, cartoon, illustration, CGI look, blur, low resolution;текст, буквы, цифры, логотип, бренд, заводская маркировка, водяной знак, этикетка с надписями, люди, руки, лица, несколько предметов, захламленный фон, реквизит, искаженная геометрия, лишние детали, мультяшный стиль, иллюстрация, вид 3D-рендера, размытие, низкое разрешение;генерация;"Генерация по промпту; за основу — готовый снимок кадра F02853 (тот же ракурс, свет, фон), меняется только отличие подкадра.";photos/F02853-a.webp
F02853-b;F02853;3;12107;Кабельные муфты;Муфта оптическая;муфта оптическая;габариты 450–1100 мм (до метра);муфта оптическая;;;450–1100 мм (до метра);свой снимок;13;"Фотореалистичная предметная фотография для каталога. Подкадр F02853-b (13 из 33 позиций кадра F02853). Отличие от соседних подкадров: габариты 450–1100 мм (до метра). Что в кадре: муфта оптическая, габариты 450–1100 мм (до метра). Как выглядит: муфта: соединительная деталь или кабельная муфта — набор термоусадочных трубок, манжет и перчатки. По данным позиций кадра: тип — оптическая. Масштаб: наружный диаметр около 146 мм; ширина около 224 мм (медиана по позициям) — размером примерно с обувную коробку. Ракурс и композиция: 3/4 немного сверху, изделие целиком по центру, занимает около 70 % кадра. Фон: светлый нейтральный бесшовный #F4F6F9 без текстуры и горизонта. Свет: мягкий студийный из большого софтбокса, мягкая тень под предметом, резкость по всему предмету. Не должно быть: чужих логотипов, названий заводов и брендов, водяных знаков, надписей и любого текста, людей и рук, лишних предметов. Итог: квадрат 1200×1200 px, WebP.";"Photorealistic catalog product photo. Distinctive for this variant: 450-1100 mm, up to one metre. Optical cable joint. Joint or coupling; for cable joints, a set of heat-shrink tubes, sleeves and a breakout boot. Type: optical. Scale: outer diameter about 146 mm, width about 224 mm, about shoebox size. Three-quarter view from slightly above, whole item centred, filling about 70% of the frame. Plain seamless light neutral background #F4F6F9, no texture, no horizon line. Soft large-softbox studio lighting, soft contact shadow underneath, sharp focus across the whole item, photorealistic e-commerce catalog product photo, high detail, 85mm lens look, square 1:1, 1200x1200.";text, letters, numbers, logo, brand name, manufacturer marking, watermark, printed label, people, hands, faces, multiple products, cluttered background, props, distorted geometry, extra parts, cartoon, illustration, CGI look, blur, low resolution;текст, буквы, цифры, логотип, бренд, заводская маркировка, водяной знак, этикетка с надписями, люди, руки, лица, несколько предметов, захламленный фон, реквизит, искаженная геометрия, лишние детали, мультяшный стиль, иллюстрация, вид 3D-рендера, размытие, низкое разрешение;генерация;"Генерация по промпту; за основу — готовый снимок кадра F02853 (тот же ракурс, свет, фон), меняется только отличие подкадра.";photos/F02853-b.webp
F02853-c;F02853;5;27305;Кабельные муфты;Муфта оптическая;муфта оптическая;у позиций разные: тип, размер;муфта оптическая;;;;свой снимок;5;Фотореалистичная предметная фотография для каталога. Подкадр F02853-c (5 из 33 позиций кадра F02853). Отличие от соседних подкадров: у позиций разные: тип, размер. Что в кадре: муфта оптическая. Как выглядит: муфта: соединительная деталь или кабельная муфта — набор термоусадочных трубок, манжет и перчатки. По данным позиций кадра: тип — оптическая. Масштаб: наружный диаметр около 90 мм (медиана по позициям) — помещается в ладони. Ракурс и композиция: 3/4 немного сверху, изделие целиком по центру, занимает около 70 % кадра. Фон: светлый нейтральный бесшовный #F4F6F9 без текстуры и горизонта. Свет: мягкий студийный из большого софтбокса, мягкая тень под предметом, резкость по всему предмету. Не должно быть: чужих логотипов, названий заводов и брендов, водяных знаков, надписей и любого текста, людей и рук, лишних предметов. Итог: квадрат 1200×1200 px, WebP.;"Photorealistic catalog product photo. Optical cable joint. Joint or coupling; for cable joints, a set of heat-shrink tubes, sleeves and a breakout boot. Type: optical. Scale: outer diameter about 90 mm, fits in a palm. Three-quarter view from slightly above, whole item centred, filling about 70% of the frame. Plain seamless light neutral background #F4F6F9, no texture, no horizon line. Soft large-softbox studio lighting, soft contact shadow underneath, sharp focus across the whole item, photorealistic e-commerce catalog product photo, high detail, 85mm lens look, square 1:1, 1200x1200.";text, letters, numbers, logo, brand name, manufacturer marking, watermark, printed label, people, hands, faces, multiple products, cluttered background, props, distorted geometry, extra parts, cartoon, illustration, CGI look, blur, low resolution;текст, буквы, цифры, логотип, бренд, заводская маркировка, водяной знак, этикетка с надписями, люди, руки, лица, несколько предметов, захламленный фон, реквизит, искаженная геометрия, лишние детали, мультяшный стиль, иллюстрация, вид 3D-рендера, размытие, низкое разрешение;генерация;"Генерация по промпту; за основу — готовый снимок кадра F02853 (тот же ракурс, свет, фон), меняется только отличие подкадра.";photos/F02853-c.webp
F02938-a;F02938;2;6535;Кабельные муфты;Муфта-кросс;муфта-кросс;габариты 130–450 мм (с обувную коробку);муфта-кросс;;;130–450 мм (с обувную коробку);свой снимок;25;"Фотореалистичная предметная фотография для каталога. Подкадр F02938-a (25 из 29 позиций кадра F02938). Отличие от соседних подкадров: габариты 130–450 мм (с обувную коробку). Что в кадре: муфта-кросс, габариты 130–450 мм (с обувную коробку). Как выглядит: муфта-кросс в типичном для этого вида исполнении (группа «Кабельные муфты»); форму, пропорции и детали — как у типичного изделия этого вида. По данным позиций кадра: материал — эластомер; тип — оптическая. Масштаб: наружный диаметр около 188 мм; ширина около 178 мм (медиана по позициям) — размером примерно с обувную коробку. Ракурс и композиция: 3/4 немного сверху, изделие целиком по центру, занимает около 70 % кадра. Фон: светлый нейтральный бесшовный #F4F6F9 без текстуры и горизонта. Свет: мягкий студийный из большого софтбокса, мягкая тень под предметом, резкость по всему предмету. Не должно быть: чужих логотипов, названий заводов и брендов, водяных знаков, надписей и любого текста, людей и рук, лишних предметов. Итог: квадрат 1200×1200 px, WebP.";Photorealistic catalog product photo. Distinctive for this variant: 130-450 mm, shoebox size. Cross-connect sleeve. Cross-connect sleeve in its typical standard design. Type: optical. Scale: outer diameter about 188 mm, width about 178 mm, about shoebox size. Three-quarter view from slightly above, whole item centred, filling about 70% of the frame. Plain seamless light neutral background #F4F6F9, no texture, no horizon line. Soft large-softbox studio lighting, soft contact shadow underneath, sharp focus across the whole item, photorealistic e-commerce catalog product photo, high detail, 85mm lens look, square 1:1, 1200x1200.;text, letters, numbers, logo, brand name, manufacturer marking, watermark, printed label, people, hands, faces, multiple products, cluttered background, props, distorted geometry, extra parts, cartoon, illustration, CGI look, blur, low resolution;текст, буквы, цифры, логотип, бренд, заводская маркировка, водяной знак, этикетка с надписями, люди, руки, лица, несколько предметов, захламленный фон, реквизит, искаженная геометрия, лишние детали, мультяшный стиль, иллюстрация, вид 3D-рендера, размытие, низкое разрешение;генерация;"Генерация по промпту; за основу — готовый снимок кадра F02938 (тот же ракурс, свет, фон), меняется только отличие подкадра.";photos/F02938-a.webp
F02938-b;F02938;5;27912;Кабельные муфты;Муфта-кросс;муфта-кросс;прочие позиции кадра;;;;;прочие позиции кадра — снимок кадра;4;"Фотореалистичная предметная фотография для каталога. Подкадр F02938-b — прочие позиции кадра F02938 (4 из 29), у которых нет общего заметного отличия от остальных 1 подкадров кадра; снимок как у кадра F02938. Что в кадре: муфта-кросс, габариты 450–1100 мм (до метра). Как выглядит: муфта-кросс в типичном для этого вида исполнении (группа «Кабельные муфты»); форму, пропорции и детали — как у типичного изделия этого вида. По данным позиций кадра: тип — оптическая. Масштаб: наружный диаметр около 215 мм (медиана по позициям) — размером примерно с обувную коробку. Ракурс и композиция: 3/4 немного сверху, изделие целиком по центру, занимает около 70 % кадра. Фон: светлый нейтральный бесшовный #F4F6F9 без текстуры и горизонта. Свет: мягкий студийный из большого софтбокса, мягкая тень под предметом, резкость по всему предмету. Не должно быть: чужих логотипов, названий заводов и брендов, водяных знаков, надписей и любого текста, людей и рук, лишних предметов. Итог: квадрат 1200×1200 px, WebP.";Photorealistic catalog product photo. Cross-connect sleeve. Cross-connect sleeve in its typical standard design. Type: optical. Scale: outer diameter about 215 mm, about shoebox size. Three-quarter view from slightly above, whole item centred, filling about 70% of the frame. Plain seamless light neutral background #F4F6F9, no texture, no horizon line. Soft large-softbox studio lighting, soft contact shadow underneath, sharp focus across the whole item, photorealistic e-commerce catalog product photo, high detail, 85mm lens look, square 1:1, 1200x1200.;text, letters, numbers, logo, brand name, manufacturer marking, watermark, printed label, people, hands, faces, multiple products, cluttered background, props, distorted geometry, extra parts, cartoon, illustration, CGI look, blur, low resolution;текст, буквы, цифры, логотип, бренд, заводская маркировка, водяной знак, этикетка с надписями, люди, руки, лица, несколько предметов, захламленный фон, реквизит, искаженная геометрия, лишние детали, мультяшный стиль, иллюстрация, вид 3D-рендера, размытие, низкое разрешение;снимок кадра;Отдельный снимок не нужен: на эти позиции встает снимок кадра F02938 (файл photos/F02938.webp).;— (используется photos/F02938.webp)
F02986-a;F02986;3;10204;Кабельные муфты;"Муфта (самое частое в группе); группа «Кабельные муфты»";изделия группы «Кабельные муфты»;прочие позиции кадра;;;;;прочие позиции кадра — снимок кадра;16;"Фотореалистичная предметная фотография для каталога. Подкадр F02986-a — прочие позиции кадра F02986 (16 из 27), у которых нет общего заметного отличия от остальных 2 подкадров кадра; снимок как у кадра F02986. Что в кадре: типичное изделие группы «Кабельные муфты» — муфта (самое частое в группе). Как выглядит: муфта: соединительная деталь или кабельная муфта — набор термоусадочных трубок, манжет и перчатки. По данным позиций кадра: установка — внутренняя, наружная (80 %). Масштаб: наружный диаметр около 69 мм; ширина около 90 мм (медиана по позициям) — небольшая деталь — размером со спичечный коробок. Ракурс и композиция: 3/4 немного сверху, изделие целиком по центру, занимает около 70 % кадра. Фон: светлый нейтральный бесшовный #F4F6F9 без текстуры и горизонта. Свет: мягкий студийный из большого софтбокса, мягкая тень под предметом, резкость по всему предмету. Не должно быть: чужих логотипов, названий заводов и брендов, водяных знаков, надписей и любого текста, людей и рук, лишних предметов. Итог: квадрат 1200×1200 px, WebP.";"Photorealistic catalog product photo. Typical product: cable joint. Joint or coupling; for cable joints, a set of heat-shrink tubes, sleeves and a breakout boot. Scale: outer diameter about 69 mm, width about 90 mm, small part, about matchbox size. Three-quarter view from slightly above, whole item centred, filling about 70% of the frame. Plain seamless light neutral background #F4F6F9, no texture, no horizon line. Soft large-softbox studio lighting, soft contact shadow underneath, sharp focus across the whole item, photorealistic e-commerce catalog product photo, high detail, 85mm lens look, square 1:1, 1200x1200.";text, letters, numbers, logo, brand name, manufacturer marking, watermark, printed label, people, hands, faces, multiple products, cluttered background, props, distorted geometry, extra parts, cartoon, illustration, CGI look, blur, low resolution;текст, буквы, цифры, логотип, бренд, заводская маркировка, водяной знак, этикетка с надписями, люди, руки, лица, несколько предметов, захламленный фон, реквизит, искаженная геометрия, лишние детали, мультяшный стиль, иллюстрация, вид 3D-рендера, размытие, низкое разрешение;снимок кадра;Отдельный снимок не нужен: на эти позиции встает снимок кадра F02986 (файл photos/F02986.webp).;— (используется photos/F02986.webp)
F02986-b;F02986;4;24484;Кабельные муфты;"Муфта (самое частое в группе); группа «Кабельные муфты»";изделия группы «Кабельные муфты»;"вид изделия — комплект; у позиций разные: тип, размер";комплект;;;;свой снимок;6;"Фотореалистичная предметная фотография для каталога. Подкадр F02986-b (6 из 27 позиций кадра F02986). Отличие от соседних подкадров: вид изделия — комплект; у позиций разные: тип, размер. Что в кадре: типичное изделие группы «Кабельные муфты» — муфта (самое частое в группе). Как выглядит: муфта: соединительная деталь или кабельная муфта — набор термоусадочных трубок, манжет и перчатки. Масштаб: габариты около 180×103×9,2 мм (медиана по позициям) — размером примерно с обувную коробку. Ракурс и композиция: 3/4 немного сверху, изделие целиком по центру, занимает около 70 % кадра. Фон: светлый нейтральный бесшовный #F4F6F9 без текстуры и горизонта. Свет: мягкий студийный из большого софтбокса, мягкая тень под предметом, резкость по всему предмету. Не должно быть: чужих логотипов, названий заводов и брендов, водяных знаков, надписей и любого текста, людей и рук, лишних предметов. Итог: квадрат 1200×1200 px, WebP.";"Photorealistic catalog product photo. Distinctive for this variant: kit. Typical product: cable joint. Joint or coupling; for cable joints, a set of heat-shrink tubes, sleeves and a breakout boot. Scale: about 180 x 103 x 9.2 mm, about shoebox size. Three-quarter view from slightly above, whole item centred, filling about 70% of the frame. Plain seamless light neutral background #F4F6F9, no texture, no horizon line. Soft large-softbox studio lighting, soft contact shadow underneath, sharp focus across the whole item, photorealistic e-commerce catalog product photo, high detail, 85mm lens look, square 1:1, 1200x1200.";text, letters, numbers, logo, brand name, manufacturer marking, watermark, printed label, people, hands, faces, multiple products, cluttered background, props, distorted geometry, extra parts, cartoon, illustration, CGI look, blur, low resolution;текст, буквы, цифры, логотип, бренд, заводская маркировка, водяной знак, этикетка с надписями, люди, руки, лица, несколько предметов, захламленный фон, реквизит, искаженная геометрия, лишние детали, мультяшный стиль, иллюстрация, вид 3D-рендера, размытие, низкое разрешение;генерация;"Генерация по промпту; за основу — готовый снимок кадра F02986 (тот же ракурс, свет, фон), меняется только отличие подкадра.";photos/F02986-b.webp
F02986-c;F02986;5;27362;Кабельные муфты;"Муфта (самое частое в группе); группа «Кабельные муфты»";изделия группы «Кабельные муфты»;"вид изделия — муфта; габариты 130–450 мм (с обувную коробку)";муфта;;;130–450 мм (с обувную коробку);свой снимок;5;"Фотореалистичная предметная фотография для каталога. Подкадр F02986-c (5 из 27 позиций кадра F02986). Отличие от соседних подкадров: вид изделия — муфта; габариты 130–450 мм (с обувную коробку). Что в кадре: типичное изделие группы «Кабельные муфты» — муфта (самое частое в группе). Как выглядит: муфта: соединительная деталь или кабельная муфта — набор термоусадочных трубок, манжет и перчатки. По данным позиций кадра: тип — оптическая. Масштаб: наружный диаметр около 188 мм; ширина около 195 мм (медиана по позициям) — размером примерно с обувную коробку. Ракурс и композиция: 3/4 немного сверху, изделие целиком по центру, занимает около 70 % кадра. Фон: светлый нейтральный бесшовный #F4F6F9 без текстуры и горизонта. Свет: мягкий студийный из большого софтбокса, мягкая тень под предметом, резкость по всему предмету. Не должно быть: чужих логотипов, названий заводов и брендов, водяных знаков, надписей и любого текста, людей и рук, лишних предметов. Итог: квадрат 1200×1200 px, WebP.";"Photorealistic catalog product photo. Distinctive for this variant: cable joint; 130-450 mm, shoebox size. Typical product: cable joint. Joint or coupling; for cable joints, a set of heat-shrink tubes, sleeves and a breakout boot. Type: optical. Scale: outer diameter about 188 mm, width about 195 mm, about shoebox size. Three-quarter view from slightly above, whole item centred, filling about 70% of the frame. Plain seamless light neutral background #F4F6F9, no texture, no horizon line. Soft large-softbox studio lighting, soft contact shadow underneath, sharp focus across the whole item, photorealistic e-commerce catalog product photo, high detail, 85mm lens look, square 1:1, 1200x1200.";text, letters, numbers, logo, brand name, manufacturer marking, watermark, printed label, people, hands, faces, multiple products, cluttered background, props, distorted geometry, extra parts, cartoon, illustration, CGI look, blur, low resolution;текст, буквы, цифры, логотип, бренд, заводская маркировка, водяной знак, этикетка с надписями, люди, руки, лица, несколько предметов, захламленный фон, реквизит, искаженная геометрия, лишние детали, мультяшный стиль, иллюстрация, вид 3D-рендера, размытие, низкое разрешение;генерация;"Генерация по промпту; за основу — готовый снимок кадра F02986 (тот же ракурс, свет, фон), меняется только отличие подкадра.";photos/F02986-c.webp
F03242-a;F03242;3;16958;Кабельные муфты;"Манжета ремонтная (самое частое в группе); группа «Кабельные муфты»";изделия группы «Кабельные муфты»;вид изделия — манжета ремонтная;манжета ремонтная;;;;свой снимок;9;Фотореалистичная предметная фотография для каталога. Подкадр F03242-a (9 из 20 позиций кадра F03242). Отличие от соседних подкадров: вид изделия — манжета ремонтная. Что в кадре: типичное изделие группы «Кабельные муфты» — манжета ремонтная (самое частое в группе). Как выглядит: манжета: эластичная резиновая или термоусаживаемая втулка-уплотнитель. По данным позиций кадра: тип — манжета. Ракурс и композиция: 3/4 немного сверху, изделие целиком по центру, занимает около 70 % кадра. Фон: светлый нейтральный бесшовный #F4F6F9 без текстуры и горизонта. Свет: мягкий студийный из большого софтбокса, мягкая тень под предметом, резкость по всему предмету. Не должно быть: чужих логотипов, названий заводов и брендов, водяных знаков, надписей и любого текста, людей и рук, лишних предметов. Итог: квадрат 1200×1200 px, WebP.;Photorealistic catalog product photo. Typical industrial product. Elastic rubber or heat-shrink sealing sleeve. Three-quarter view from slightly above, whole item centred, filling about 70% of the frame. Plain seamless light neutral background #F4F6F9, no texture, no horizon line. Soft large-softbox studio lighting, soft contact shadow underneath, sharp focus across the whole item, photorealistic e-commerce catalog product photo, high detail, 85mm lens look, square 1:1, 1200x1200.;text, letters, numbers, logo, brand name, manufacturer marking, watermark, printed label, people, hands, faces, multiple products, cluttered background, props, distorted geometry, extra parts, cartoon, illustration, CGI look, blur, low resolution;текст, буквы, цифры, логотип, бренд, заводская маркировка, водяной знак, этикетка с надписями, люди, руки, лица, несколько предметов, захламленный фон, реквизит, искаженная геометрия, лишние детали, мультяшный стиль, иллюстрация, вид 3D-рендера, размытие, низкое разрешение;генерация;"Генерация по промпту; за основу — готовый снимок кадра F03242 (тот же ракурс, свет, фон), меняется только отличие подкадра.";photos/F03242-a.webp
F03242-b;F03242;5;27464;Кабельные муфты;"Манжета ремонтная (самое частое в группе); группа «Кабельные муфты»";изделия группы «Кабельные муфты»;вид изделия — оконцеватель;оконцеватель;;;;свой снимок;5;Фотореалистичная предметная фотография для каталога. Подкадр F03242-b (5 из 20 позиций кадра F03242). Отличие от соседних подкадров: вид изделия — оконцеватель. Что в кадре: типичное изделие группы «Кабельные муфты» — манжета ремонтная (самое частое в группе). Как выглядит: манжета: эластичная резиновая или термоусаживаемая втулка-уплотнитель. По данным позиций кадра: тип — оконцеватель. Ракурс и композиция: 3/4 немного сверху, изделие целиком по центру, занимает около 70 % кадра. Фон: светлый нейтральный бесшовный #F4F6F9 без текстуры и горизонта. Свет: мягкий студийный из большого софтбокса, мягкая тень под предметом, резкость по всему предмету. Не должно быть: чужих логотипов, названий заводов и брендов, водяных знаков, надписей и любого текста, людей и рук, лишних предметов. Итог: квадрат 1200×1200 px, WebP.;Photorealistic catalog product photo. Typical industrial product. Elastic rubber or heat-shrink sealing sleeve. Three-quarter view from slightly above, whole item centred, filling about 70% of the frame. Plain seamless light neutral background #F4F6F9, no texture, no horizon line. Soft large-softbox studio lighting, soft contact shadow underneath, sharp focus across the whole item, photorealistic e-commerce catalog product photo, high detail, 85mm lens look, square 1:1, 1200x1200.;text, letters, numbers, logo, brand name, manufacturer marking, watermark, printed label, people, hands, faces, multiple products, cluttered background, props, distorted geometry, extra parts, cartoon, illustration, CGI look, blur, low resolution;текст, буквы, цифры, логотип, бренд, заводская маркировка, водяной знак, этикетка с надписями, люди, руки, лица, несколько предметов, захламленный фон, реквизит, искаженная геометрия, лишние детали, мультяшный стиль, иллюстрация, вид 3D-рендера, размытие, низкое разрешение;генерация;"Генерация по промпту; за основу — готовый снимок кадра F03242 (тот же ракурс, свет, фон), меняется только отличие подкадра.";photos/F03242-b.webp
F03242-c;F03242;5;27465;Кабельные муфты;"Манжета ремонтная (самое частое в группе); группа «Кабельные муфты»";изделия группы «Кабельные муфты»;вид изделия — уплотнитель кабельных;уплотнитель кабельных;;;;свой снимок;5;Фотореалистичная предметная фотография для каталога. Подкадр F03242-c (5 из 20 позиций кадра F03242). Отличие от соседних подкадров: вид изделия — уплотнитель кабельных. Что в кадре: типичное изделие группы «Кабельные муфты» — манжета ремонтная (самое частое в группе). Как выглядит: манжета: эластичная резиновая или термоусаживаемая втулка-уплотнитель. По данным позиций кадра: тип — уплотнитель. Ракурс и композиция: 3/4 немного сверху, изделие целиком по центру, занимает около 70 % кадра. Фон: светлый нейтральный бесшовный #F4F6F9 без текстуры и горизонта. Свет: мягкий студийный из большого софтбокса, мягкая тень под предметом, резкость по всему предмету. Не должно быть: чужих логотипов, названий заводов и брендов, водяных знаков, надписей и любого текста, людей и рук, лишних предметов. Итог: квадрат 1200×1200 px, WebP.;Photorealistic catalog product photo. Typical industrial product. Elastic rubber or heat-shrink sealing sleeve. Three-quarter view from slightly above, whole item centred, filling about 70% of the frame. Plain seamless light neutral background #F4F6F9, no texture, no horizon line. Soft large-softbox studio lighting, soft contact shadow underneath, sharp focus across the whole item, photorealistic e-commerce catalog product photo, high detail, 85mm lens look, square 1:1, 1200x1200.;text, letters, numbers, logo, brand name, manufacturer marking, watermark, printed label, people, hands, faces, multiple products, cluttered background, props, distorted geometry, extra parts, cartoon, illustration, CGI look, blur, low resolution;текст, буквы, цифры, логотип, бренд, заводская маркировка, водяной знак, этикетка с надписями, люди, руки, лица, несколько предметов, захламленный фон, реквизит, искаженная геометрия, лишние детали, мультяшный стиль, иллюстрация, вид 3D-рендера, размытие, низкое разрешение;генерация;"Генерация по промпту; за основу — готовый снимок кадра F03242 (тот же ракурс, свет, фон), меняется только отличие подкадра.";photos/F03242-c.webp
F03242-d;F03242;5;28894;Кабельные муфты;"Манжета ремонтная (самое частое в группе); группа «Кабельные муфты»";изделия группы «Кабельные муфты»;прочие позиции кадра;;;;;прочие позиции кадра — снимок кадра;1;"Фотореалистичная предметная фотография для каталога. Подкадр F03242-d — прочие позиции кадра F03242 (1 из 20), у которых нет общего заметного отличия от остальных 3 подкадров кадра; снимок как у кадра F03242. Что в кадре: типичное изделие группы «Кабельные муфты» — манжета ремонтная (самое частое в группе). Как выглядит: манжета: эластичная резиновая или термоусаживаемая втулка-уплотнитель. По данным позиций кадра: тип — адаптер. Ракурс и композиция: 3/4 немного сверху, изделие целиком по центру, занимает около 70 % кадра. Фон: светлый нейтральный бесшовный #F4F6F9 без текстуры и горизонта. Свет: мягкий студийный из большого софтбокса, мягкая тень под предметом, резкость по всему предмету. Не должно быть: чужих логотипов, названий заводов и брендов, водяных знаков, надписей и любого текста, людей и рук, лишних предметов. Итог: квадрат 1200×1200 px, WebP.";Photorealistic catalog product photo. Typical industrial product. Elastic rubber or heat-shrink sealing sleeve. Type: adapter. Three-quarter view from slightly above, whole item centred, filling about 70% of the frame. Plain seamless light neutral background #F4F6F9, no texture, no horizon line. Soft large-softbox studio lighting, soft contact shadow underneath, sharp focus across the whole item, photorealistic e-commerce catalog product photo, high detail, 85mm lens look, square 1:1, 1200x1200.;text, letters, numbers, logo, brand name, manufacturer marking, watermark, printed label, people, hands, faces, multiple products, cluttered background, props, distorted geometry, extra parts, cartoon, illustration, CGI look, blur, low resolution;текст, буквы, цифры, логотип, бренд, заводская маркировка, водяной знак, этикетка с надписями, люди, руки, лица, несколько предметов, захламленный фон, реквизит, искаженная геометрия, лишние детали, мультяшный стиль, иллюстрация, вид 3D-рендера, размытие, низкое разрешение;снимок кадра;Отдельный снимок не нужен: на эти позиции встает снимок кадра F03242 (файл photos/F03242.webp).;— (используется photos/F03242.webp)
F03336-a;F03336;3;9183;Кабельные муфты;Кронштейн;кронштейн;весь кадр;;;;;весь кадр — снимок кадра;18;"Фотореалистичная предметная фотография для каталога. Подкадр F03336-a — весь кадр F03336 (18 поз.): позиций мало или на фото они одинаковы. Что в кадре: кронштейн. Как выглядит: кронштейн: металлическая консоль/уголок с отверстиями под крепеж, покрытие по данным. По данным позиций кадра: материал — сталь; покрытие — порошковая краска, цинк (82 %). Масштаб: габариты около 570×200×200 мм (медиана по позициям) — крупное изделие, до метра. Ракурс и композиция: 3/4 немного сверху, изделие целиком по центру, занимает около 70 % кадра. Фон: светлый нейтральный бесшовный #F4F6F9 без текстуры и горизонта. Свет: мягкий студийный из большого софтбокса, мягкая тень под предметом, резкость по всему предмету. Не должно быть: чужих логотипов, названий заводов и брендов, водяных знаков, надписей и любого текста, людей и рук, лишних предметов. Итог: квадрат 1200×1200 px, WebP.";"Photorealistic catalog product photo. Bracket. Metal bracket with fixing holes. Material: steel; finish: powder-coated, zinc-plated. Scale: about 570 x 200 x 200 mm, large item, up to one metre. Three-quarter view from slightly above, whole item centred, filling about 70% of the frame. Plain seamless light neutral background #F4F6F9, no texture, no horizon line. Soft large-softbox studio lighting, soft contact shadow underneath, sharp focus across the whole item, photorealistic e-commerce catalog product photo, high detail, 85mm lens look, square 1:1, 1200x1200.";text, letters, numbers, logo, brand name, manufacturer marking, watermark, printed label, people, hands, faces, multiple products, cluttered background, props, distorted geometry, extra parts, cartoon, illustration, CGI look, blur, low resolution;текст, буквы, цифры, логотип, бренд, заводская маркировка, водяной знак, этикетка с надписями, люди, руки, лица, несколько предметов, захламленный фон, реквизит, искаженная геометрия, лишние детали, мультяшный стиль, иллюстрация, вид 3D-рендера, размытие, низкое разрешение;снимок кадра;Отдельный снимок не нужен: на эти позиции встает снимок кадра F03336 (файл photos/F03336.webp).;— (используется photos/F03336.webp)
F03747-a;F03747;3;19441;Кабельные муфты;Комплект;комплект;"вид изделия — комплект концевой; у позиций разные: тип";комплект концевой;;;;свой снимок;8;"Фотореалистичная предметная фотография для каталога. Подкадр F03747-a (8 из 12 позиций кадра F03747). Отличие от соседних подкадров: вид изделия — комплект концевой; у позиций разные: тип. Что в кадре: комплект, комплект концевой. Как выглядит: комплект: детали комплекта аккуратно разложены рядом. По данным позиций кадра: изоляция — пластмассовая; тип — концевая; установка — внутренняя (50 %). Ракурс и композиция: 3/4 немного сверху, изделие целиком по центру, занимает около 70 % кадра; детали комплекта разложены ровной группой. Фон: светлый нейтральный бесшовный #F4F6F9 без текстуры и горизонта. Свет: мягкий студийный из большого софтбокса, мягкая тень под предметом, резкость по всему предмету. Не должно быть: чужих логотипов, названий заводов и брендов, водяных знаков, надписей и любого текста, людей и рук, лишних предметов. Итог: квадрат 1200×1200 px, WebP.";"Photorealistic catalog product photo. Distinctive for this variant: limit kit. Kit. Kit, parts neatly laid out together. Insulation: plastic; type: end. Three-quarter view from slightly above, whole item centred, filling about 70% of the frame; kit parts arranged neatly. Plain seamless light neutral background #F4F6F9, no texture, no horizon line. Soft large-softbox studio lighting, soft contact shadow underneath, sharp focus across the whole item, photorealistic e-commerce catalog product photo, high detail, 85mm lens look, square 1:1, 1200x1200.";text, letters, numbers, logo, brand name, manufacturer marking, watermark, printed label, people, hands, faces, multiple products, cluttered background, props, distorted geometry, extra parts, cartoon, illustration, CGI look, blur, low resolution;текст, буквы, цифры, логотип, бренд, заводская маркировка, водяной знак, этикетка с надписями, люди, руки, лица, несколько предметов, захламленный фон, реквизит, искаженная геометрия, лишние детали, мультяшный стиль, иллюстрация, вид 3D-рендера, размытие, низкое разрешение;генерация;"Генерация по промпту; за основу — готовый снимок кадра F03747 (тот же ракурс, свет, фон), меняется только отличие подкадра.";photos/F03747-a.webp
F03747-b;F03747;5;27972;Кабельные муфты;Комплект;комплект;прочие позиции кадра;;;;;прочие позиции кадра — снимок кадра;4;"Фотореалистичная предметная фотография для каталога. Подкадр F03747-b — прочие позиции кадра F03747 (4 из 12), у которых нет общего заметного отличия от остальных 1 подкадров кадра; снимок как у кадра F03747. Что в кадре: комплект, комплект соединительный, наружная. Как выглядит: комплект: детали комплекта аккуратно разложены рядом. По данным позиций кадра: изоляция — пластмассовая; тип — соединительная; установка — наружная. Ракурс и композиция: 3/4 немного сверху, изделие целиком по центру, занимает около 70 % кадра; детали комплекта разложены ровной группой. Фон: светлый нейтральный бесшовный #F4F6F9 без текстуры и горизонта. Свет: мягкий студийный из большого софтбокса, мягкая тень под предметом, резкость по всему предмету. Не должно быть: чужих логотипов, названий заводов и брендов, водяных знаков, надписей и любого текста, людей и рук, лишних предметов. Итог: квадрат 1200×1200 px, WebP.";"Photorealistic catalog product photo. Kit. Kit, parts neatly laid out together. Insulation: plastic; type: straight-through. Three-quarter view from slightly above, whole item centred, filling about 70% of the frame; kit parts arranged neatly. Plain seamless light neutral background #F4F6F9, no texture, no horizon line. Soft large-softbox studio lighting, soft contact shadow underneath, sharp focus across the whole item, photorealistic e-commerce catalog product photo, high detail, 85mm lens look, square 1:1, 1200x1200.";text, letters, numbers, logo, brand name, manufacturer marking, watermark, printed label, people, hands, faces, multiple products, cluttered background, props, distorted geometry, extra parts, cartoon, illustration, CGI look, blur, low resolution;текст, буквы, цифры, логотип, бренд, заводская маркировка, водяной знак, этикетка с надписями, люди, руки, лица, несколько предметов, захламленный фон, реквизит, искаженная геометрия, лишние детали, мультяшный стиль, иллюстрация, вид 3D-рендера, размытие, низкое разрешение;снимок кадра;Отдельный снимок не нужен: на эти позиции встает снимок кадра F03747 (файл photos/F03747.webp).;— (используется photos/F03747.webp)
F04003-a;F04003;5;28331;Кабельные муфты;"Оконцеватель (самое частое в группе); группа «Кабельные муфты»";изделия группы «Кабельные муфты»;весь кадр;;;;;весь кадр — снимок кадра;3;Фотореалистичная предметная фотография для каталога. Подкадр F04003-a — весь кадр F04003 (3 поз.): позиций мало или на фото они одинаковы. Что в кадре: типичное изделие группы «Кабельные муфты» — оконцеватель (самое частое в группе). Как выглядит: комплект: детали комплекта аккуратно разложены рядом. По данным позиций кадра: тип — оконцеватель. Ракурс и композиция: 3/4 немного сверху, изделие целиком по центру, занимает около 70 % кадра. Фон: светлый нейтральный бесшовный #F4F6F9 без текстуры и горизонта. Свет: мягкий студийный из большого софтбокса, мягкая тень под предметом, резкость по всему предмету. Не должно быть: чужих логотипов, названий заводов и брендов, водяных знаков, надписей и любого текста, людей и рук, лишних предметов. Итог: квадрат 1200×1200 px, WebP.;Photorealistic catalog product photo. Typical industrial product. Kit, parts neatly laid out together. Three-quarter view from slightly above, whole item centred, filling about 70% of the frame. Plain seamless light neutral background #F4F6F9, no texture, no horizon line. Soft large-softbox studio lighting, soft contact shadow underneath, sharp focus across the whole item, photorealistic e-commerce catalog product photo, high detail, 85mm lens look, square 1:1, 1200x1200.;text, letters, numbers, logo, brand name, manufacturer marking, watermark, printed label, people, hands, faces, multiple products, cluttered background, props, distorted geometry, extra parts, cartoon, illustration, CGI look, blur, low resolution;текст, буквы, цифры, логотип, бренд, заводская маркировка, водяной знак, этикетка с надписями, люди, руки, лица, несколько предметов, захламленный фон, реквизит, искаженная геометрия, лишние детали, мультяшный стиль, иллюстрация, вид 3D-рендера, размытие, низкое разрешение;снимок кадра;Отдельный снимок не нужен: на эти позиции встает снимок кадра F04003 (файл photos/F04003.webp).;— (используется photos/F04003.webp)
F04146-a;F04146;5;28712;Кабельные муфты;"Кросс-муфта оптическая (самое частое в группе); группа «Кабельные муфты оптические»";изделия группы «Кабельные муфты оптические»;весь кадр;;;;;весь кадр — снимок кадра;2;"Фотореалистичная предметная фотография для каталога. Подкадр F04146-a — весь кадр F04146 (2 поз.): позиций мало или на фото они одинаковы. Что в кадре: типичное изделие группы «Кабельные муфты оптические» — кросс-муфта оптическая (самое частое в группе). Как выглядит: кросс-муфта оптическая в типичном для этого вида исполнении; форму, пропорции и детали — как у типичного изделия этого вида. По данным позиций кадра: тип — оптическая; установка — внутренняя. Масштаб: габариты около 297×233×45 мм (медиана по позициям) — размером примерно с обувную коробку. Ракурс и композиция: 3/4 немного сверху, изделие целиком по центру, занимает около 70 % кадра. Фон: светлый нейтральный бесшовный #F4F6F9 без текстуры и горизонта. Свет: мягкий студийный из большого софтбокса, мягкая тень под предметом, резкость по всему предмету. Не должно быть: чужих логотипов, названий заводов и брендов, водяных знаков, надписей и любого текста, людей и рук, лишних предметов. Итог: квадрат 1200×1200 px, WebP.";Photorealistic catalog product photo. Typical industrial product. The product in its typical standard design. Type: optical. Scale: about 297 x 233 x 45 mm, about shoebox size. Three-quarter view from slightly above, whole item centred, filling about 70% of the frame. Plain seamless light neutral background #F4F6F9, no texture, no horizon line. Soft large-softbox studio lighting, soft contact shadow underneath, sharp focus across the whole item, photorealistic e-commerce catalog product photo, high detail, 85mm lens look, square 1:1, 1200x1200.;text, letters, numbers, logo, brand name, manufacturer marking, watermark, printed label, people, hands, faces, multiple products, cluttered background, props, distorted geometry, extra parts, cartoon, illustration, CGI look, blur, low resolution;текст, буквы, цифры, логотип, бренд, заводская маркировка, водяной знак, этикетка с надписями, люди, руки, лица, несколько предметов, захламленный фон, реквизит, искаженная геометрия, лишние детали, мультяшный стиль, иллюстрация, вид 3D-рендера, размытие, низкое разрешение;снимок кадра;Отдельный снимок не нужен: на эти позиции встает снимок кадра F04146 (файл photos/F04146.webp).;— (используется photos/F04146.webp)
F04510-a;F04510;5;29288;Кабельные муфты;"Адаптер (самое частое в группе); группа «Муфты для кабелей сечением 300»";изделия группы «Муфты для кабелей сечением 300»;весь кадр;;;;;весь кадр — снимок кадра;1;Фотореалистичная предметная фотография для каталога. Подкадр F04510-a — весь кадр F04510 (1 поз.): позиций мало или на фото они одинаковы. Что в кадре: типичное изделие группы «Муфты для кабелей сечением 300» — адаптер (самое частое в группе). Как выглядит: адаптер: переходная деталь между разными разъемами/размерами, металл или пластик. По данным позиций кадра: тип — адаптер. Ракурс и композиция: 3/4 немного сверху, изделие целиком по центру, занимает около 70 % кадра. Фон: светлый нейтральный бесшовный #F4F6F9 без текстуры и горизонта. Свет: мягкий студийный из большого софтбокса, мягкая тень под предметом, резкость по всему предмету. Не должно быть: чужих логотипов, названий заводов и брендов, водяных знаков, надписей и любого текста, людей и рук, лишних предметов. Итог: квадрат 1200×1200 px, WebP.;Photorealistic catalog product photo. Typical product: adapter. Adapter piece between different connectors or sizes. Type: adapter. Three-quarter view from slightly above, whole item centred, filling about 70% of the frame. Plain seamless light neutral background #F4F6F9, no texture, no horizon line. Soft large-softbox studio lighting, soft contact shadow underneath, sharp focus across the whole item, photorealistic e-commerce catalog product photo, high detail, 85mm lens look, square 1:1, 1200x1200.;text, letters, numbers, logo, brand name, manufacturer marking, watermark, printed label, people, hands, faces, multiple products, cluttered background, props, distorted geometry, extra parts, cartoon, illustration, CGI look, blur, low resolution;текст, буквы, цифры, логотип, бренд, заводская маркировка, водяной знак, этикетка с надписями, люди, руки, лица, несколько предметов, захламленный фон, реквизит, искаженная геометрия, лишние детали, мультяшный стиль, иллюстрация, вид 3D-рендера, размытие, низкое разрешение;снимок кадра;Отдельный снимок не нужен: на эти позиции встает снимок кадра F04510 (файл photos/F04510.webp).;— (используется photos/F04510.webp)
F04511-a;F04511;5;29289;Кабельные муфты;"Набор (самое частое в группе); группа «Муфты с соединителями ГСИ»";изделия группы «Муфты с соединителями ГСИ»;весь кадр;;;;;весь кадр — снимок кадра;1;"Фотореалистичная предметная фотография для каталога. Подкадр F04511-a — весь кадр F04511 (1 поз.): позиций мало или на фото они одинаковы. Что в кадре: типичное изделие группы «Муфты с соединителями ГСИ» — набор (самое частое в группе). Как выглядит: набор: несколько предметов набора аккуратно разложены рядом или в кейсе с открытой крышкой. По данным позиций кадра: изоляция — пластмассовая; тип — соединительная; установка — внутренняя, наружная. Масштаб: масса около 0 кг (медиана по позициям). Ракурс и композиция: 3/4 немного сверху, изделие целиком по центру, занимает около 70 % кадра; предметы набора разложены ровной группой. Фон: светлый нейтральный бесшовный #F4F6F9 без текстуры и горизонта. Свет: мягкий студийный из большого софтбокса, мягкая тень под предметом, резкость по всему предмету. Не должно быть: чужих логотипов, названий заводов и брендов, водяных знаков, надписей и любого текста, людей и рук, лишних предметов. Итог: квадрат 1200×1200 px, WebP.";"Photorealistic catalog product photo. Typical product: set. Set of items neatly arranged or in an open case. Insulation: plastic; type: straight-through. Scale: weight about 0 kg. Three-quarter view from slightly above, whole item centred, filling about 70% of the frame; set items arranged neatly. Plain seamless light neutral background #F4F6F9, no texture, no horizon line. Soft large-softbox studio lighting, soft contact shadow underneath, sharp focus across the whole item, photorealistic e-commerce catalog product photo, high detail, 85mm lens look, square 1:1, 1200x1200.";text, letters, numbers, logo, brand name, manufacturer marking, watermark, printed label, people, hands, faces, multiple products, cluttered background, props, distorted geometry, extra parts, cartoon, illustration, CGI look, blur, low resolution;текст, буквы, цифры, логотип, бренд, заводская маркировка, водяной знак, этикетка с надписями, люди, руки, лица, несколько предметов, захламленный фон, реквизит, искаженная геометрия, лишние детали, мультяшный стиль, иллюстрация, вид 3D-рендера, размытие, низкое разрешение;снимок кадра;Отдельный снимок не нужен: на эти позиции встает снимок кадра F04511 (файл photos/F04511.webp).;— (используется photos/F04511.webp)
F04512-a;F04512;5;29290;Кабельные муфты;"Проходка кабельная (самое частое в группе); группа «Проходка кабельная»";изделия группы «Проходка кабельная»;весь кадр;;;;;весь кадр — снимок кадра;1;"Фотореалистичная предметная фотография для каталога. Подкадр F04512-a — весь кадр F04512 (1 поз.): позиций мало или на фото они одинаковы. Что в кадре: типичное изделие группы «Проходка кабельная» — проходка кабельная (самое частое в группе). Как выглядит: проходка кабельная в типичном для этого вида исполнении; форму, пропорции и детали — как у типичного изделия этого вида. Масштаб: масса около 0,1 кг (медиана по позициям). Ракурс и композиция: 3/4 немного сверху, изделие целиком по центру, занимает около 70 % кадра. Фон: светлый нейтральный бесшовный #F4F6F9 без текстуры и горизонта. Свет: мягкий студийный из большого софтбокса, мягкая тень под предметом, резкость по всему предмету. Не должно быть: чужих логотипов, названий заводов и брендов, водяных знаков, надписей и любого текста, людей и рук, лишних предметов. Итог: квадрат 1200×1200 px, WebP.";Photorealistic catalog product photo. Typical product: cable penetration. Cable penetration in its typical standard design. Scale: weight about 0.1 kg. Three-quarter view from slightly above, whole item centred, filling about 70% of the frame. Plain seamless light neutral background #F4F6F9, no texture, no horizon line. Soft large-softbox studio lighting, soft contact shadow underneath, sharp focus across the whole item, photorealistic e-commerce catalog product photo, high detail, 85mm lens look, square 1:1, 1200x1200.;text, letters, numbers, logo, brand name, manufacturer marking, watermark, printed label, people, hands, faces, multiple products, cluttered background, props, distorted geometry, extra parts, cartoon, illustration, CGI look, blur, low resolution;текст, буквы, цифры, логотип, бренд, заводская маркировка, водяной знак, этикетка с надписями, люди, руки, лица, несколько предметов, захламленный фон, реквизит, искаженная геометрия, лишние детали, мультяшный стиль, иллюстрация, вид 3D-рендера, размытие, низкое разрешение;снимок кадра;Отдельный снимок не нужен: на эти позиции встает снимок кадра F04512 (файл photos/F04512.webp).;— (используется photos/F04512.webp)
