Код подкадра;Кадр (parent);Приоритет;Ранг;Раздел;Группа кадра (что на фото);Вид изделия;Отличие подкадра;вид изделия;размер;тип;материал;Тип подкадра;Позиций;Описание RU;Промпт EN;Негатив EN;Негатив RU;Метод;Как сделать;Имя файла
F00102-a;F00102;1;213;Опоры и стойки;Опора;опора;"тип — граненая; материал — сталь; габариты больше 2,6 м (крупная конструкция)";опора;больше 2,6 м (крупная конструкция);граненая;сталь;свой снимок;566;"Фотореалистичная предметная фотография для каталога. Подкадр F00102-a (566 из 1362 позиций кадра F00102). Отличие от соседних подкадров: тип — граненая; материал — сталь; габариты больше 2,6 м (крупная конструкция). Что в кадре: опора, граненая, сталь, габариты больше 2,6 м (крупная конструкция). Как выглядит: опора: металлическая или железобетонная стойка/конструкция. По данным позиций кадра: материал — сталь; покрытие — оцинкованная (94 %); тип опоры — металлическая; конструкция — граненая. Масштаб: высота около 9 м (медиана по позициям) — крупногабаритная конструкция. Ракурс и композиция: 3/4 немного сверху, изделие целиком по центру, занимает около 70 % кадра. Фон: светлый нейтральный бесшовный #F4F6F9 без текстуры и горизонта. Свет: мягкий студийный из большого софтбокса, мягкая тень под предметом, резкость по всему предмету. Не должно быть: чужих логотипов, названий заводов и брендов, водяных знаков, надписей и любого текста, людей и рук, лишних предметов. Итог: квадрат 1200×1200 px, WebP.";"Photorealistic catalog product photo. Distinctive for this variant: material steel; over 2.6 m, very large structure. Pole. Pole or support structure, metal or concrete. Material: steel; finish: galvanised steel, zinc-plated; pole type: metal. Scale: about 9 m tall, very large structure. Three-quarter view from slightly above, whole item centred, filling about 70% of the frame. Plain seamless light neutral background #F4F6F9, no texture, no horizon line. Soft large-softbox studio lighting, soft contact shadow underneath, sharp focus across the whole item, photorealistic e-commerce catalog product photo, high detail, 85mm lens look, square 1:1, 1200x1200.";text, letters, numbers, logo, brand name, manufacturer marking, watermark, printed label, people, hands, faces, multiple products, cluttered background, props, distorted geometry, extra parts, cartoon, illustration, CGI look, blur, low resolution;текст, буквы, цифры, логотип, бренд, заводская маркировка, водяной знак, этикетка с надписями, люди, руки, лица, несколько предметов, захламленный фон, реквизит, искаженная геометрия, лишние детали, мультяшный стиль, иллюстрация, вид 3D-рендера, размытие, низкое разрешение;генерация;"Генерация по промпту; за основу — готовый снимок кадра F00102 (тот же ракурс, свет, фон), меняется только отличие подкадра.";photos/F00102-a.webp
F00102-b;F00102;1;218;Опоры и стойки;Опора;опора;"тип — трубчатая; материал — сталь; габариты больше 2,6 м (крупная конструкция)";опора;больше 2,6 м (крупная конструкция);трубчатая;сталь;свой снимок;559;"Фотореалистичная предметная фотография для каталога. Подкадр F00102-b (559 из 1362 позиций кадра F00102). Отличие от соседних подкадров: тип — трубчатая; материал — сталь; габариты больше 2,6 м (крупная конструкция). Что в кадре: опора, трубчатая, сталь, габариты больше 2,6 м (крупная конструкция). Как выглядит: опора: металлическая или железобетонная стойка/конструкция. По данным позиций кадра: материал — сталь; покрытие — оцинкованная (69 %); тип опоры — металлическая; конструкция — трубчатая. Масштаб: высота около 9 м (медиана по позициям) — крупногабаритная конструкция. Ракурс и композиция: 3/4 немного сверху, изделие целиком по центру, занимает около 70 % кадра. Фон: светлый нейтральный бесшовный #F4F6F9 без текстуры и горизонта. Свет: мягкий студийный из большого софтбокса, мягкая тень под предметом, резкость по всему предмету. Не должно быть: чужих логотипов, названий заводов и брендов, водяных знаков, надписей и любого текста, людей и рук, лишних предметов. Итог: квадрат 1200×1200 px, WebP.";"Photorealistic catalog product photo. Distinctive for this variant: material steel; over 2.6 m, very large structure. Pole. Pole or support structure, metal or concrete. Material: steel; finish: galvanised steel, zinc-plated; pole type: metal. Scale: about 9 m tall, very large structure. Three-quarter view from slightly above, whole item centred, filling about 70% of the frame. Plain seamless light neutral background #F4F6F9, no texture, no horizon line. Soft large-softbox studio lighting, soft contact shadow underneath, sharp focus across the whole item, photorealistic e-commerce catalog product photo, high detail, 85mm lens look, square 1:1, 1200x1200.";text, letters, numbers, logo, brand name, manufacturer marking, watermark, printed label, people, hands, faces, multiple products, cluttered background, props, distorted geometry, extra parts, cartoon, illustration, CGI look, blur, low resolution;текст, буквы, цифры, логотип, бренд, заводская маркировка, водяной знак, этикетка с надписями, люди, руки, лица, несколько предметов, захламленный фон, реквизит, искаженная геометрия, лишние детали, мультяшный стиль, иллюстрация, вид 3D-рендера, размытие, низкое разрешение;генерация;"Генерация по промпту; за основу — готовый снимок кадра F00102 (тот же ракурс, свет, фон), меняется только отличие подкадра.";photos/F00102-b.webp
F00102-c;F00102;2;2797;Опоры и стойки;Опора;опора;"материал — сталь; габариты больше 2,6 м (крупная конструкция)";опора;больше 2,6 м (крупная конструкция);;сталь;свой снимок;55;"Фотореалистичная предметная фотография для каталога. Подкадр F00102-c (55 из 1362 позиций кадра F00102). Отличие от соседних подкадров: материал — сталь; габариты больше 2,6 м (крупная конструкция). Что в кадре: опора, сталь, габариты больше 2,6 м (крупная конструкция). Как выглядит: опора: металлическая или железобетонная стойка/конструкция. По данным позиций кадра: материал — сталь; покрытие — оцинкованная; вид опоры — парковая (51 %); тип опоры — металлическая. Масштаб: высота около 6 м (медиана по позициям) — крупногабаритная конструкция. Ракурс и композиция: 3/4 немного сверху, изделие целиком по центру, занимает около 70 % кадра. Фон: светлый нейтральный бесшовный #F4F6F9 без текстуры и горизонта. Свет: мягкий студийный из большого софтбокса, мягкая тень под предметом, резкость по всему предмету. Не должно быть: чужих логотипов, названий заводов и брендов, водяных знаков, надписей и любого текста, людей и рук, лишних предметов. Итог: квадрат 1200×1200 px, WebP.";"Photorealistic catalog product photo. Distinctive for this variant: material steel; over 2.6 m, very large structure. Pole. Pole or support structure, metal or concrete. Material: steel; finish: galvanised steel, zinc-plated; pole type: metal. Scale: about 6 m tall, very large structure. Three-quarter view from slightly above, whole item centred, filling about 70% of the frame. Plain seamless light neutral background #F4F6F9, no texture, no horizon line. Soft large-softbox studio lighting, soft contact shadow underneath, sharp focus across the whole item, photorealistic e-commerce catalog product photo, high detail, 85mm lens look, square 1:1, 1200x1200.";text, letters, numbers, logo, brand name, manufacturer marking, watermark, printed label, people, hands, faces, multiple products, cluttered background, props, distorted geometry, extra parts, cartoon, illustration, CGI look, blur, low resolution;текст, буквы, цифры, логотип, бренд, заводская маркировка, водяной знак, этикетка с надписями, люди, руки, лица, несколько предметов, захламленный фон, реквизит, искаженная геометрия, лишние детали, мультяшный стиль, иллюстрация, вид 3D-рендера, размытие, низкое разрешение;генерация;"Генерация по промпту; за основу — готовый снимок кадра F00102 (тот же ракурс, свет, фон), меняется только отличие подкадра.";photos/F00102-c.webp
F00102-d;F00102;2;3066;Опоры и стойки;Опора;опора;"тип — граненая, коническая; материал — сталь; габариты больше 2,6 м (крупная конструкция)";опора;больше 2,6 м (крупная конструкция);граненая, коническая;сталь;свой снимок;50;"Фотореалистичная предметная фотография для каталога. Подкадр F00102-d (50 из 1362 позиций кадра F00102). Отличие от соседних подкадров: тип — граненая, коническая; материал — сталь; габариты больше 2,6 м (крупная конструкция). Что в кадре: опора, граненая, коническая, сталь, габариты больше 2,6 м (крупная конструкция). Как выглядит: опора: металлическая или железобетонная стойка/конструкция. По данным позиций кадра: материал — сталь; покрытие — горячее цинкование, порошковая окраска, цинкование; вид опоры — несиловая (74 %); тип опоры — металлическая; конструкция — граненая, коническая. Масштаб: высота около 10 м (медиана по позициям) — крупногабаритная конструкция. Ракурс и композиция: 3/4 немного сверху, изделие целиком по центру, занимает около 70 % кадра. Фон: светлый нейтральный бесшовный #F4F6F9 без текстуры и горизонта. Свет: мягкий студийный из большого софтбокса, мягкая тень под предметом, резкость по всему предмету. Не должно быть: чужих логотипов, названий заводов и брендов, водяных знаков, надписей и любого текста, людей и рук, лишних предметов. Итог: квадрат 1200×1200 px, WebP.";"Photorealistic catalog product photo. Distinctive for this variant: material steel; over 2.6 m, very large structure. Pole. Pole or support structure, metal or concrete. Material: steel; finish: hot-dip galvanised steel, powder-coated, zinc-plated; pole type: metal. Scale: about 10 m tall, very large structure. Three-quarter view from slightly above, whole item centred, filling about 70% of the frame. Plain seamless light neutral background #F4F6F9, no texture, no horizon line. Soft large-softbox studio lighting, soft contact shadow underneath, sharp focus across the whole item, photorealistic e-commerce catalog product photo, high detail, 85mm lens look, square 1:1, 1200x1200.";text, letters, numbers, logo, brand name, manufacturer marking, watermark, printed label, people, hands, faces, multiple products, cluttered background, props, distorted geometry, extra parts, cartoon, illustration, CGI look, blur, low resolution;текст, буквы, цифры, логотип, бренд, заводская маркировка, водяной знак, этикетка с надписями, люди, руки, лица, несколько предметов, захламленный фон, реквизит, искаженная геометрия, лишние детали, мультяшный стиль, иллюстрация, вид 3D-рендера, размытие, низкое разрешение;генерация;"Генерация по промпту; за основу — готовый снимок кадра F00102 (тот же ракурс, свет, фон), меняется только отличие подкадра.";photos/F00102-d.webp
F00102-e;F00102;2;3067;Опоры и стойки;Опора;опора;"тип — круглоконическая; материал — сталь; габариты больше 2,6 м (крупная конструкция)";опора;больше 2,6 м (крупная конструкция);круглоконическая;сталь;свой снимок;50;"Фотореалистичная предметная фотография для каталога. Подкадр F00102-e (50 из 1362 позиций кадра F00102). Отличие от соседних подкадров: тип — круглоконическая; материал — сталь; габариты больше 2,6 м (крупная конструкция). Что в кадре: опора, круглоконическая, сталь, габариты больше 2,6 м (крупная конструкция). Как выглядит: опора: металлическая или железобетонная стойка/конструкция. По данным позиций кадра: материал — сталь; покрытие — оцинкованная (52 %); вид опоры — несиловая; тип опоры — металлическая; конструкция — круглоконическая. Масштаб: высота около 8 м (медиана по позициям) — крупногабаритная конструкция. Ракурс и композиция: 3/4 немного сверху, изделие целиком по центру, занимает около 70 % кадра. Фон: светлый нейтральный бесшовный #F4F6F9 без текстуры и горизонта. Свет: мягкий студийный из большого софтбокса, мягкая тень под предметом, резкость по всему предмету. Не должно быть: чужих логотипов, названий заводов и брендов, водяных знаков, надписей и любого текста, людей и рук, лишних предметов. Итог: квадрат 1200×1200 px, WebP.";"Photorealistic catalog product photo. Distinctive for this variant: material steel; over 2.6 m, very large structure. Pole. Pole or support structure, metal or concrete. Material: steel; finish: galvanised steel, zinc-plated; pole type: metal. Scale: about 8 m tall, very large structure. Three-quarter view from slightly above, whole item centred, filling about 70% of the frame. Plain seamless light neutral background #F4F6F9, no texture, no horizon line. Soft large-softbox studio lighting, soft contact shadow underneath, sharp focus across the whole item, photorealistic e-commerce catalog product photo, high detail, 85mm lens look, square 1:1, 1200x1200.";text, letters, numbers, logo, brand name, manufacturer marking, watermark, printed label, people, hands, faces, multiple products, cluttered background, props, distorted geometry, extra parts, cartoon, illustration, CGI look, blur, low resolution;текст, буквы, цифры, логотип, бренд, заводская маркировка, водяной знак, этикетка с надписями, люди, руки, лица, несколько предметов, захламленный фон, реквизит, искаженная геометрия, лишние детали, мультяшный стиль, иллюстрация, вид 3D-рендера, размытие, низкое разрешение;генерация;"Генерация по промпту; за основу — готовый снимок кадра F00102 (тот же ракурс, свет, фон), меняется только отличие подкадра.";photos/F00102-e.webp
F00102-f;F00102;3;8692;Опоры и стойки;Опора;опора;габариты больше 2,6 м (крупная конструкция);опора;больше 2,6 м (крупная конструкция);;;свой снимок;18;"Фотореалистичная предметная фотография для каталога. Подкадр F00102-f (18 из 1362 позиций кадра F00102). Отличие от соседних подкадров: габариты больше 2,6 м (крупная конструкция). Что в кадре: опора, габариты больше 2,6 м (крупная конструкция). Как выглядит: опора: металлическая или железобетонная стойка/конструкция. По данным позиций кадра: покрытие — горячее цинкование, порошковое окрашивание; вид опоры — складывающаяся (44 %). Масштаб: высота около 5 м (медиана по позициям) — крупногабаритная конструкция. Ракурс и композиция: 3/4 немного сверху, изделие целиком по центру, занимает около 70 % кадра. Фон: светлый нейтральный бесшовный #F4F6F9 без текстуры и горизонта. Свет: мягкий студийный из большого софтбокса, мягкая тень под предметом, резкость по всему предмету. Не должно быть: чужих логотипов, названий заводов и брендов, водяных знаков, надписей и любого текста, людей и рук, лишних предметов. Итог: квадрат 1200×1200 px, WebP.";Photorealistic catalog product photo. Distinctive for this variant: over 2.6 m, very large structure. Pole. Pole or support structure, metal or concrete. Finish: hot-dip galvanised steel, powder-coated, painted, zinc-plated. Scale: about 5 m tall, very large structure. Three-quarter view from slightly above, whole item centred, filling about 70% of the frame. Plain seamless light neutral background #F4F6F9, no texture, no horizon line. Soft large-softbox studio lighting, soft contact shadow underneath, sharp focus across the whole item, photorealistic e-commerce catalog product photo, high detail, 85mm lens look, square 1:1, 1200x1200.;text, letters, numbers, logo, brand name, manufacturer marking, watermark, printed label, people, hands, faces, multiple products, cluttered background, props, distorted geometry, extra parts, cartoon, illustration, CGI look, blur, low resolution;текст, буквы, цифры, логотип, бренд, заводская маркировка, водяной знак, этикетка с надписями, люди, руки, лица, несколько предметов, захламленный фон, реквизит, искаженная геометрия, лишние детали, мультяшный стиль, иллюстрация, вид 3D-рендера, размытие, низкое разрешение;генерация;"Генерация по промпту; за основу — готовый снимок кадра F00102 (тот же ракурс, свет, фон), меняется только отличие подкадра.";photos/F00102-f.webp
F00102-g;F00102;3;9276;Опоры и стойки;Опора;опора;"тип — трубчатая; материал — сталь; габариты 1,1–2,6 м (с человека)";опора;1,1–2,6 м (с человека);трубчатая;сталь;свой снимок;17;"Фотореалистичная предметная фотография для каталога. Подкадр F00102-g (17 из 1362 позиций кадра F00102). Отличие от соседних подкадров: тип — трубчатая; материал — сталь; габариты 1,1–2,6 м (с человека). Что в кадре: опора, трубчатая, сталь, габариты 1,1–2,6 м (с человека). Как выглядит: опора: металлическая или железобетонная стойка/конструкция. По данным позиций кадра: материал — сталь; покрытие — оцинкованная (59 %); вид опоры — несиловая (67 %); тип опоры — металлическая; конструкция — трубчатая. Масштаб: высота около 2,3 м (медиана по позициям) — крупное оборудование ростом примерно с человека. Ракурс и композиция: 3/4 немного сверху, изделие целиком по центру, занимает около 70 % кадра. Фон: светлый нейтральный бесшовный #F4F6F9 без текстуры и горизонта. Свет: мягкий студийный из большого софтбокса, мягкая тень под предметом, резкость по всему предмету. Не должно быть: чужих логотипов, названий заводов и брендов, водяных знаков, надписей и любого текста, людей и рук, лишних предметов. Итог: квадрат 1200×1200 px, WebP.";"Photorealistic catalog product photo. Distinctive for this variant: material steel; 1.1-2.6 m, about human height. Pole. Pole or support structure, metal or concrete. Material: steel; finish: galvanised steel, zinc-plated; pole type: metal. Scale: about 2.3 m tall, large equipment, about human height. Three-quarter view from slightly above, whole item centred, filling about 70% of the frame. Plain seamless light neutral background #F4F6F9, no texture, no horizon line. Soft large-softbox studio lighting, soft contact shadow underneath, sharp focus across the whole item, photorealistic e-commerce catalog product photo, high detail, 85mm lens look, square 1:1, 1200x1200.";text, letters, numbers, logo, brand name, manufacturer marking, watermark, printed label, people, hands, faces, multiple products, cluttered background, props, distorted geometry, extra parts, cartoon, illustration, CGI look, blur, low resolution;текст, буквы, цифры, логотип, бренд, заводская маркировка, водяной знак, этикетка с надписями, люди, руки, лица, несколько предметов, захламленный фон, реквизит, искаженная геометрия, лишние детали, мультяшный стиль, иллюстрация, вид 3D-рендера, размытие, низкое разрешение;генерация;"Генерация по промпту; за основу — готовый снимок кадра F00102 (тот же ракурс, свет, фон), меняется только отличие подкадра.";photos/F00102-g.webp
F00102-h;F00102;3;10912;Опоры и стойки;Опора;опора;"тип — граненая, коническая; габариты больше 2,6 м (крупная конструкция)";опора;больше 2,6 м (крупная конструкция);граненая, коническая;;свой снимок;14;"Фотореалистичная предметная фотография для каталога. Подкадр F00102-h (14 из 1362 позиций кадра F00102). Отличие от соседних подкадров: тип — граненая, коническая; габариты больше 2,6 м (крупная конструкция). Что в кадре: опора, граненая, коническая, габариты больше 2,6 м (крупная конструкция). Как выглядит: опора: металлическая или железобетонная стойка/конструкция. По данным позиций кадра: вид опоры — несиловая (86 %); конструкция — граненая, коническая. Масштаб: высота около 9,5 м (медиана по позициям) — крупногабаритная конструкция. Ракурс и композиция: 3/4 немного сверху, изделие целиком по центру, занимает около 70 % кадра. Фон: светлый нейтральный бесшовный #F4F6F9 без текстуры и горизонта. Свет: мягкий студийный из большого софтбокса, мягкая тень под предметом, резкость по всему предмету. Не должно быть: чужих логотипов, названий заводов и брендов, водяных знаков, надписей и любого текста, людей и рук, лишних предметов. Итог: квадрат 1200×1200 px, WebP.";Photorealistic catalog product photo. Distinctive for this variant: over 2.6 m, very large structure. Pole. Pole or support structure, metal or concrete. Scale: about 9.5 m tall, very large structure. Three-quarter view from slightly above, whole item centred, filling about 70% of the frame. Plain seamless light neutral background #F4F6F9, no texture, no horizon line. Soft large-softbox studio lighting, soft contact shadow underneath, sharp focus across the whole item, photorealistic e-commerce catalog product photo, high detail, 85mm lens look, square 1:1, 1200x1200.;text, letters, numbers, logo, brand name, manufacturer marking, watermark, printed label, people, hands, faces, multiple products, cluttered background, props, distorted geometry, extra parts, cartoon, illustration, CGI look, blur, low resolution;текст, буквы, цифры, логотип, бренд, заводская маркировка, водяной знак, этикетка с надписями, люди, руки, лица, несколько предметов, захламленный фон, реквизит, искаженная геометрия, лишние детали, мультяшный стиль, иллюстрация, вид 3D-рендера, размытие, низкое разрешение;генерация;"Генерация по промпту; за основу — готовый снимок кадра F00102 (тот же ракурс, свет, фон), меняется только отличие подкадра.";photos/F00102-h.webp
F00102-i;F00102;3;11694;Опоры и стойки;Опора;опора;"тип — трубчатая; габариты больше 2,6 м (крупная конструкция)";опора;больше 2,6 м (крупная конструкция);трубчатая;;свой снимок;13;"Фотореалистичная предметная фотография для каталога. Подкадр F00102-i (13 из 1362 позиций кадра F00102). Отличие от соседних подкадров: тип — трубчатая; габариты больше 2,6 м (крупная конструкция). Что в кадре: опора, трубчатая, габариты больше 2,6 м (крупная конструкция). Как выглядит: опора: металлическая или железобетонная стойка/конструкция. По данным позиций кадра: вид опоры — силовая; конструкция — трубчатая. Масштаб: высота около 8,5 м (медиана по позициям) — крупногабаритная конструкция. Ракурс и композиция: 3/4 немного сверху, изделие целиком по центру, занимает около 70 % кадра. Фон: светлый нейтральный бесшовный #F4F6F9 без текстуры и горизонта. Свет: мягкий студийный из большого софтбокса, мягкая тень под предметом, резкость по всему предмету. Не должно быть: чужих логотипов, названий заводов и брендов, водяных знаков, надписей и любого текста, людей и рук, лишних предметов. Итог: квадрат 1200×1200 px, WebP.";Photorealistic catalog product photo. Distinctive for this variant: over 2.6 m, very large structure. Pole. Pole or support structure, metal or concrete. Pole type: power. Scale: about 8.5 m tall, very large structure. Three-quarter view from slightly above, whole item centred, filling about 70% of the frame. Plain seamless light neutral background #F4F6F9, no texture, no horizon line. Soft large-softbox studio lighting, soft contact shadow underneath, sharp focus across the whole item, photorealistic e-commerce catalog product photo, high detail, 85mm lens look, square 1:1, 1200x1200.;text, letters, numbers, logo, brand name, manufacturer marking, watermark, printed label, people, hands, faces, multiple products, cluttered background, props, distorted geometry, extra parts, cartoon, illustration, CGI look, blur, low resolution;текст, буквы, цифры, логотип, бренд, заводская маркировка, водяной знак, этикетка с надписями, люди, руки, лица, несколько предметов, захламленный фон, реквизит, искаженная геометрия, лишние детали, мультяшный стиль, иллюстрация, вид 3D-рендера, размытие, низкое разрешение;генерация;"Генерация по промпту; за основу — готовый снимок кадра F00102 (тот же ракурс, свет, фон), меняется только отличие подкадра.";photos/F00102-i.webp
F00102-j;F00102;4;21795;Опоры и стойки;Опора;опора;"тип — граненая; габариты больше 2,6 м (крупная конструкция)";опора;больше 2,6 м (крупная конструкция);граненая;;свой снимок;6;"Фотореалистичная предметная фотография для каталога. Подкадр F00102-j (6 из 1362 позиций кадра F00102). Отличие от соседних подкадров: тип — граненая; габариты больше 2,6 м (крупная конструкция). Что в кадре: опора, граненая, габариты больше 2,6 м (крупная конструкция). Как выглядит: опора: металлическая или железобетонная стойка/конструкция. По данным позиций кадра: покрытие — горячее цинкование; вид опоры — силовая; конструкция — граненая. Масштаб: высота около 9 м (медиана по позициям) — крупногабаритная конструкция. Ракурс и композиция: 3/4 немного сверху, изделие целиком по центру, занимает около 70 % кадра. Фон: светлый нейтральный бесшовный #F4F6F9 без текстуры и горизонта. Свет: мягкий студийный из большого софтбокса, мягкая тень под предметом, резкость по всему предмету. Не должно быть: чужих логотипов, названий заводов и брендов, водяных знаков, надписей и любого текста, людей и рук, лишних предметов. Итог: квадрат 1200×1200 px, WebP.";"Photorealistic catalog product photo. Distinctive for this variant: over 2.6 m, very large structure. Pole. Pole or support structure, metal or concrete. Finish: hot-dip galvanised steel, zinc-plated; pole type: power. Scale: about 9 m tall, very large structure. Three-quarter view from slightly above, whole item centred, filling about 70% of the frame. Plain seamless light neutral background #F4F6F9, no texture, no horizon line. Soft large-softbox studio lighting, soft contact shadow underneath, sharp focus across the whole item, photorealistic e-commerce catalog product photo, high detail, 85mm lens look, square 1:1, 1200x1200.";text, letters, numbers, logo, brand name, manufacturer marking, watermark, printed label, people, hands, faces, multiple products, cluttered background, props, distorted geometry, extra parts, cartoon, illustration, CGI look, blur, low resolution;текст, буквы, цифры, логотип, бренд, заводская маркировка, водяной знак, этикетка с надписями, люди, руки, лица, несколько предметов, захламленный фон, реквизит, искаженная геометрия, лишние детали, мультяшный стиль, иллюстрация, вид 3D-рендера, размытие, низкое разрешение;генерация;"Генерация по промпту; за основу — готовый снимок кадра F00102 (тот же ракурс, свет, фон), меняется только отличие подкадра.";photos/F00102-j.webp
F00102-k;F00102;4;25200;Опоры и стойки;Опора;опора;"тип — круглоконическая; габариты больше 2,6 м (крупная конструкция)";опора;больше 2,6 м (крупная конструкция);круглоконическая;;свой снимок;5;"Фотореалистичная предметная фотография для каталога. Подкадр F00102-k (5 из 1362 позиций кадра F00102). Отличие от соседних подкадров: тип — круглоконическая; габариты больше 2,6 м (крупная конструкция). Что в кадре: опора, круглоконическая, габариты больше 2,6 м (крупная конструкция). Как выглядит: опора: металлическая или железобетонная стойка/конструкция. По данным позиций кадра: вид опоры — несиловая; конструкция — круглоконическая. Масштаб: высота около 6 м (медиана по позициям) — крупногабаритная конструкция. Ракурс и композиция: 3/4 немного сверху, изделие целиком по центру, занимает около 70 % кадра. Фон: светлый нейтральный бесшовный #F4F6F9 без текстуры и горизонта. Свет: мягкий студийный из большого софтбокса, мягкая тень под предметом, резкость по всему предмету. Не должно быть: чужих логотипов, названий заводов и брендов, водяных знаков, надписей и любого текста, людей и рук, лишних предметов. Итог: квадрат 1200×1200 px, WebP.";Photorealistic catalog product photo. Distinctive for this variant: over 2.6 m, very large structure. Pole. Pole or support structure, metal or concrete. Scale: about 6 m tall, very large structure. Three-quarter view from slightly above, whole item centred, filling about 70% of the frame. Plain seamless light neutral background #F4F6F9, no texture, no horizon line. Soft large-softbox studio lighting, soft contact shadow underneath, sharp focus across the whole item, photorealistic e-commerce catalog product photo, high detail, 85mm lens look, square 1:1, 1200x1200.;text, letters, numbers, logo, brand name, manufacturer marking, watermark, printed label, people, hands, faces, multiple products, cluttered background, props, distorted geometry, extra parts, cartoon, illustration, CGI look, blur, low resolution;текст, буквы, цифры, логотип, бренд, заводская маркировка, водяной знак, этикетка с надписями, люди, руки, лица, несколько предметов, захламленный фон, реквизит, искаженная геометрия, лишние детали, мультяшный стиль, иллюстрация, вид 3D-рендера, размытие, низкое разрешение;генерация;"Генерация по промпту; за основу — готовый снимок кадра F00102 (тот же ракурс, свет, фон), меняется только отличие подкадра.";photos/F00102-k.webp
F00102-l;F00102;4;25201;Опоры и стойки;Опора;опора;"тип — трубчатая; материал — сталь";опора;;трубчатая;сталь;свой снимок;5;"Фотореалистичная предметная фотография для каталога. Подкадр F00102-l (5 из 1362 позиций кадра F00102). Отличие от соседних подкадров: тип — трубчатая; материал — сталь. Что в кадре: опора, трубчатая, сталь. Как выглядит: опора: металлическая или железобетонная стойка/конструкция. По данным позиций кадра: материал — сталь; покрытие — оцинкованная (60 %); вид опоры — несиловая (60 %); тип опоры — металлическая; конструкция — трубчатая. Ракурс и композиция: 3/4 немного сверху, изделие целиком по центру, занимает около 70 % кадра. Фон: светлый нейтральный бесшовный #F4F6F9 без текстуры и горизонта. Свет: мягкий студийный из большого софтбокса, мягкая тень под предметом, резкость по всему предмету. Не должно быть: чужих логотипов, названий заводов и брендов, водяных знаков, надписей и любого текста, людей и рук, лишних предметов. Итог: квадрат 1200×1200 px, WebP.";"Photorealistic catalog product photo. Distinctive for this variant: material steel. Pole. Pole or support structure, metal or concrete. Material: steel; finish: galvanised steel, zinc-plated; pole type: metal. Three-quarter view from slightly above, whole item centred, filling about 70% of the frame. Plain seamless light neutral background #F4F6F9, no texture, no horizon line. Soft large-softbox studio lighting, soft contact shadow underneath, sharp focus across the whole item, photorealistic e-commerce catalog product photo, high detail, 85mm lens look, square 1:1, 1200x1200.";text, letters, numbers, logo, brand name, manufacturer marking, watermark, printed label, people, hands, faces, multiple products, cluttered background, props, distorted geometry, extra parts, cartoon, illustration, CGI look, blur, low resolution;текст, буквы, цифры, логотип, бренд, заводская маркировка, водяной знак, этикетка с надписями, люди, руки, лица, несколько предметов, захламленный фон, реквизит, искаженная геометрия, лишние детали, мультяшный стиль, иллюстрация, вид 3D-рендера, размытие, низкое разрешение;генерация;"Генерация по промпту; за основу — готовый снимок кадра F00102 (тот же ракурс, свет, фон), меняется только отличие подкадра.";photos/F00102-l.webp
F00102-m;F00102;5;27671;Опоры и стойки;Опора;опора;прочие позиции кадра;;;;;прочие позиции кадра — снимок кадра;4;"Фотореалистичная предметная фотография для каталога. Подкадр F00102-m — прочие позиции кадра F00102 (4 из 1362), у которых нет общего заметного отличия от остальных 12 подкадров кадра; снимок как у кадра F00102. Что в кадре: опора, граненая, сталь. Как выглядит: опора: металлическая или железобетонная стойка/конструкция. По данным позиций кадра: материал — сталь; покрытие — оцинкованная; вид опоры — несиловая; тип опоры — металлическая; конструкция — граненая. Масштаб: высота около 2,5 м (медиана по позициям) — крупное оборудование ростом примерно с человека. Ракурс и композиция: 3/4 немного сверху, изделие целиком по центру, занимает около 70 % кадра. Фон: светлый нейтральный бесшовный #F4F6F9 без текстуры и горизонта. Свет: мягкий студийный из большого софтбокса, мягкая тень под предметом, резкость по всему предмету. Не должно быть: чужих логотипов, названий заводов и брендов, водяных знаков, надписей и любого текста, людей и рук, лишних предметов. Итог: квадрат 1200×1200 px, WebP.";"Photorealistic catalog product photo. Pole. Pole or support structure, metal or concrete. Material: steel; finish: galvanised steel, zinc-plated; pole type: metal. Scale: about 2.5 m tall, large equipment, about human height. Three-quarter view from slightly above, whole item centred, filling about 70% of the frame. Plain seamless light neutral background #F4F6F9, no texture, no horizon line. Soft large-softbox studio lighting, soft contact shadow underneath, sharp focus across the whole item, photorealistic e-commerce catalog product photo, high detail, 85mm lens look, square 1:1, 1200x1200.";text, letters, numbers, logo, brand name, manufacturer marking, watermark, printed label, people, hands, faces, multiple products, cluttered background, props, distorted geometry, extra parts, cartoon, illustration, CGI look, blur, low resolution;текст, буквы, цифры, логотип, бренд, заводская маркировка, водяной знак, этикетка с надписями, люди, руки, лица, несколько предметов, захламленный фон, реквизит, искаженная геометрия, лишние детали, мультяшный стиль, иллюстрация, вид 3D-рендера, размытие, низкое разрешение;снимок кадра;Отдельный снимок не нужен: на эти позиции встает снимок кадра F00102 (файл photos/F00102.webp).;— (используется photos/F00102.webp)
F00119-a;F00119;1;67;Опоры и стойки;Кронштейн;кронштейн;весь кадр;;;;;весь кадр — снимок кадра;1199;Фотореалистичная предметная фотография для каталога. Подкадр F00119-a — весь кадр F00119 (1199 поз.): позиций мало или на фото они одинаковы. Что в кадре: кронштейн. Как выглядит: кронштейн: металлическая консоль/уголок с отверстиями под крепеж, покрытие по данным. По данным позиций кадра: покрытие — горячее цинкование (50 %). Ракурс и композиция: 3/4 немного сверху, изделие целиком по центру, занимает около 70 % кадра. Фон: светлый нейтральный бесшовный #F4F6F9 без текстуры и горизонта. Свет: мягкий студийный из большого софтбокса, мягкая тень под предметом, резкость по всему предмету. Не должно быть: чужих логотипов, названий заводов и брендов, водяных знаков, надписей и любого текста, людей и рук, лишних предметов. Итог: квадрат 1200×1200 px, WebP.;Photorealistic catalog product photo. Bracket. Metal bracket with fixing holes. Finish: hot-dip galvanised steel, zinc-plated. Three-quarter view from slightly above, whole item centred, filling about 70% of the frame. Plain seamless light neutral background #F4F6F9, no texture, no horizon line. Soft large-softbox studio lighting, soft contact shadow underneath, sharp focus across the whole item, photorealistic e-commerce catalog product photo, high detail, 85mm lens look, square 1:1, 1200x1200.;text, letters, numbers, logo, brand name, manufacturer marking, watermark, printed label, people, hands, faces, multiple products, cluttered background, props, distorted geometry, extra parts, cartoon, illustration, CGI look, blur, low resolution;текст, буквы, цифры, логотип, бренд, заводская маркировка, водяной знак, этикетка с надписями, люди, руки, лица, несколько предметов, захламленный фон, реквизит, искаженная геометрия, лишние детали, мультяшный стиль, иллюстрация, вид 3D-рендера, размытие, низкое разрешение;снимок кадра;Отдельный снимок не нужен: на эти позиции встает снимок кадра F00119 (файл photos/F00119.webp).;— (используется photos/F00119.webp)
F01040-a;F01040;1;1176;Опоры и стойки;Деталь;деталь;весь кадр;;;;;весь кадр — снимок кадра;121;Фотореалистичная предметная фотография для каталога. Подкадр F01040-a — весь кадр F01040 (121 поз.): позиций мало или на фото они одинаковы. Что в кадре: деталь. Как выглядит: деталь: металлическая или пластиковая деталь узла. Ракурс и композиция: 3/4 немного сверху, изделие целиком по центру, занимает около 70 % кадра. Фон: светлый нейтральный бесшовный #F4F6F9 без текстуры и горизонта. Свет: мягкий студийный из большого софтбокса, мягкая тень под предметом, резкость по всему предмету. Не должно быть: чужих логотипов, названий заводов и брендов, водяных знаков, надписей и любого текста, людей и рук, лишних предметов. Итог: квадрат 1200×1200 px, WebP.;Photorealistic catalog product photo. Part. Component part, metal or plastic. Three-quarter view from slightly above, whole item centred, filling about 70% of the frame. Plain seamless light neutral background #F4F6F9, no texture, no horizon line. Soft large-softbox studio lighting, soft contact shadow underneath, sharp focus across the whole item, photorealistic e-commerce catalog product photo, high detail, 85mm lens look, square 1:1, 1200x1200.;text, letters, numbers, logo, brand name, manufacturer marking, watermark, printed label, people, hands, faces, multiple products, cluttered background, props, distorted geometry, extra parts, cartoon, illustration, CGI look, blur, low resolution;текст, буквы, цифры, логотип, бренд, заводская маркировка, водяной знак, этикетка с надписями, люди, руки, лица, несколько предметов, захламленный фон, реквизит, искаженная геометрия, лишние детали, мультяшный стиль, иллюстрация, вид 3D-рендера, размытие, низкое разрешение;снимок кадра;Отдельный снимок не нужен: на эти позиции встает снимок кадра F01040 (файл photos/F01040.webp).;— (используется photos/F01040.webp)
F01413-a;F01413;2;1786;Опоры и стойки;Фундамент;фундамент;весь кадр;;;;;весь кадр — снимок кадра;82;"Фотореалистичная предметная фотография для каталога. Подкадр F01413-a — весь кадр F01413 (82 поз.): позиций мало или на фото они одинаковы. Что в кадре: фундамент. Как выглядит: фундамент в типичном для этого вида исполнении (группа «Опоры»); форму, пропорции и детали — как у типичного изделия этого вида. По данным позиций кадра: покрытие — битумное (52 %). Ракурс и композиция: 3/4 немного сверху, изделие целиком по центру, занимает около 70 % кадра. Фон: светлый нейтральный бесшовный #F4F6F9 без текстуры и горизонта. Свет: мягкий студийный из большого софтбокса, мягкая тень под предметом, резкость по всему предмету. Не должно быть: чужих логотипов, названий заводов и брендов, водяных знаков, надписей и любого текста, людей и рук, лишних предметов. Итог: квадрат 1200×1200 px, WebP.";Photorealistic catalog product photo. Foundation. Foundation in its typical standard design. Three-quarter view from slightly above, whole item centred, filling about 70% of the frame. Plain seamless light neutral background #F4F6F9, no texture, no horizon line. Soft large-softbox studio lighting, soft contact shadow underneath, sharp focus across the whole item, photorealistic e-commerce catalog product photo, high detail, 85mm lens look, square 1:1, 1200x1200.;text, letters, numbers, logo, brand name, manufacturer marking, watermark, printed label, people, hands, faces, multiple products, cluttered background, props, distorted geometry, extra parts, cartoon, illustration, CGI look, blur, low resolution;текст, буквы, цифры, логотип, бренд, заводская маркировка, водяной знак, этикетка с надписями, люди, руки, лица, несколько предметов, захламленный фон, реквизит, искаженная геометрия, лишние детали, мультяшный стиль, иллюстрация, вид 3D-рендера, размытие, низкое разрешение;снимок кадра;Отдельный снимок не нужен: на эти позиции встает снимок кадра F01413 (файл photos/F01413.webp).;— (используется photos/F01413.webp)
F02981-a;F02981;2;6098;Опоры и стойки;Консоль;консоль;весь кадр;;;;;весь кадр — снимок кадра;27;Фотореалистичная предметная фотография для каталога. Подкадр F02981-a — весь кадр F02981 (27 поз.): позиций мало или на фото они одинаковы. Что в кадре: консоль. Как выглядит: консоль: стальная полка-кронштейн для лотка с отверстиями крепления. Ракурс и композиция: 3/4 немного сверху, изделие целиком по центру, занимает около 70 % кадра. Фон: светлый нейтральный бесшовный #F4F6F9 без текстуры и горизонта. Свет: мягкий студийный из большого софтбокса, мягкая тень под предметом, резкость по всему предмету. Не должно быть: чужих логотипов, названий заводов и брендов, водяных знаков, надписей и любого текста, людей и рук, лишних предметов. Итог: квадрат 1200×1200 px, WebP.;Photorealistic catalog product photo. Cantilever arm. Steel cantilever bracket for cable tray with mounting holes. Three-quarter view from slightly above, whole item centred, filling about 70% of the frame. Plain seamless light neutral background #F4F6F9, no texture, no horizon line. Soft large-softbox studio lighting, soft contact shadow underneath, sharp focus across the whole item, photorealistic e-commerce catalog product photo, high detail, 85mm lens look, square 1:1, 1200x1200.;text, letters, numbers, logo, brand name, manufacturer marking, watermark, printed label, people, hands, faces, multiple products, cluttered background, props, distorted geometry, extra parts, cartoon, illustration, CGI look, blur, low resolution;текст, буквы, цифры, логотип, бренд, заводская маркировка, водяной знак, этикетка с надписями, люди, руки, лица, несколько предметов, захламленный фон, реквизит, искаженная геометрия, лишние детали, мультяшный стиль, иллюстрация, вид 3D-рендера, размытие, низкое разрешение;снимок кадра;Отдельный снимок не нужен: на эти позиции встает снимок кадра F02981 (файл photos/F02981.webp).;— (используется photos/F02981.webp)
F03195-a;F03195;2;7806;Опоры и стойки;Блок анкерный;блок анкерный;весь кадр;;;;;весь кадр — снимок кадра;21;"Фотореалистичная предметная фотография для каталога. Подкадр F03195-a — весь кадр F03195 (21 поз.): позиций мало или на фото они одинаковы. Что в кадре: блок анкерный. Как выглядит: блок анкерный в типичном для этого вида исполнении (группа «Опоры»); форму, пропорции и детали — как у типичного изделия этого вида. Ракурс и композиция: 3/4 немного сверху, изделие целиком по центру, занимает около 70 % кадра. Фон: светлый нейтральный бесшовный #F4F6F9 без текстуры и горизонта. Свет: мягкий студийный из большого софтбокса, мягкая тень под предметом, резкость по всему предмету. Не должно быть: чужих логотипов, названий заводов и брендов, водяных знаков, надписей и любого текста, людей и рук, лишних предметов. Итог: квадрат 1200×1200 px, WebP.";Photorealistic catalog product photo. Anchor unit. Anchor unit in its typical standard design. Three-quarter view from slightly above, whole item centred, filling about 70% of the frame. Plain seamless light neutral background #F4F6F9, no texture, no horizon line. Soft large-softbox studio lighting, soft contact shadow underneath, sharp focus across the whole item, photorealistic e-commerce catalog product photo, high detail, 85mm lens look, square 1:1, 1200x1200.;text, letters, numbers, logo, brand name, manufacturer marking, watermark, printed label, people, hands, faces, multiple products, cluttered background, props, distorted geometry, extra parts, cartoon, illustration, CGI look, blur, low resolution;текст, буквы, цифры, логотип, бренд, заводская маркировка, водяной знак, этикетка с надписями, люди, руки, лица, несколько предметов, захламленный фон, реквизит, искаженная геометрия, лишние детали, мультяшный стиль, иллюстрация, вид 3D-рендера, размытие, низкое разрешение;снимок кадра;Отдельный снимок не нужен: на эти позиции встает снимок кадра F03195 (файл photos/F03195.webp).;— (используется photos/F03195.webp)
F03821-a;F03821;4;21308;Опоры и стойки;"Щиток вводной (самое частое в группе); группа «Щиток вводной»";изделия группы «Щиток вводной»;весь кадр;;;;;весь кадр — снимок кадра;7;Фотореалистичная предметная фотография для каталога. Подкадр F03821-a — весь кадр F03821 (7 поз.): позиций мало или на фото они одинаковы. Что в кадре: типичное изделие группы «Щиток вводной» — щиток вводной (самое частое в группе). Как выглядит: щиток: небольшой прямоугольный корпус с дверцей или прозрачной крышкой, внутри — DIN-рейка под автоматы. Ракурс и композиция: 3/4 немного сверху, изделие целиком по центру, занимает около 70 % кадра. Фон: светлый нейтральный бесшовный #F4F6F9 без текстуры и горизонта. Свет: мягкий студийный из большого софтбокса, мягкая тень под предметом, резкость по всему предмету. Не должно быть: чужих логотипов, названий заводов и брендов, водяных знаков, надписей и любого текста, людей и рук, лишних предметов. Итог: квадрат 1200×1200 px, WebP.;Photorealistic catalog product photo. Typical product: inlet panel. Small distribution box with a door or transparent cover, DIN rail inside. Three-quarter view from slightly above, whole item centred, filling about 70% of the frame. Plain seamless light neutral background #F4F6F9, no texture, no horizon line. Soft large-softbox studio lighting, soft contact shadow underneath, sharp focus across the whole item, photorealistic e-commerce catalog product photo, high detail, 85mm lens look, square 1:1, 1200x1200.;text, letters, numbers, logo, brand name, manufacturer marking, watermark, printed label, people, hands, faces, multiple products, cluttered background, props, distorted geometry, extra parts, cartoon, illustration, CGI look, blur, low resolution;текст, буквы, цифры, логотип, бренд, заводская маркировка, водяной знак, этикетка с надписями, люди, руки, лица, несколько предметов, захламленный фон, реквизит, искаженная геометрия, лишние детали, мультяшный стиль, иллюстрация, вид 3D-рендера, размытие, низкое разрешение;снимок кадра;Отдельный снимок не нужен: на эти позиции встает снимок кадра F03821 (файл photos/F03821.webp).;— (используется photos/F03821.webp)
F03873-a;F03873;5;27646;Опоры и стойки;"Молниеприемник (самое частое в группе); группа «Молниеприемник»";изделия группы «Молниеприемник»;весь кадр;;;;;весь кадр — снимок кадра;5;Фотореалистичная предметная фотография для каталога. Подкадр F03873-a — весь кадр F03873 (5 поз.): позиций мало или на фото они одинаковы. Что в кадре: типичное изделие группы «Молниеприемник» — молниеприемник (самое частое в группе). Как выглядит: молниеприемник: металлический стержень с держателем. По данным позиций кадра: покрытие — горячее цинкование. Ракурс и композиция: 3/4 немного сверху, изделие целиком по центру, занимает около 70 % кадра. Фон: светлый нейтральный бесшовный #F4F6F9 без текстуры и горизонта. Свет: мягкий студийный из большого софтбокса, мягкая тень под предметом, резкость по всему предмету. Не должно быть: чужих логотипов, названий заводов и брендов, водяных знаков, надписей и любого текста, людей и рук, лишних предметов. Итог: квадрат 1200×1200 px, WebP.;Photorealistic catalog product photo. Typical product: lightning rod. Lightning rod, metal rod with mounting holder. Finish: hot-dip galvanised steel, zinc-plated. Three-quarter view from slightly above, whole item centred, filling about 70% of the frame. Plain seamless light neutral background #F4F6F9, no texture, no horizon line. Soft large-softbox studio lighting, soft contact shadow underneath, sharp focus across the whole item, photorealistic e-commerce catalog product photo, high detail, 85mm lens look, square 1:1, 1200x1200.;text, letters, numbers, logo, brand name, manufacturer marking, watermark, printed label, people, hands, faces, multiple products, cluttered background, props, distorted geometry, extra parts, cartoon, illustration, CGI look, blur, low resolution;текст, буквы, цифры, логотип, бренд, заводская маркировка, водяной знак, этикетка с надписями, люди, руки, лица, несколько предметов, захламленный фон, реквизит, искаженная геометрия, лишние детали, мультяшный стиль, иллюстрация, вид 3D-рендера, размытие, низкое разрешение;снимок кадра;Отдельный снимок не нужен: на эти позиции встает снимок кадра F03873 (файл photos/F03873.webp).;— (используется photos/F03873.webp)
F03914-a;F03914;5;28001;Опоры и стойки;"Коробка соединительная (самое частое в группе); группа «Коробка соединительная»";изделия группы «Коробка соединительная»;весь кадр;;;;;весь кадр — снимок кадра;4;Фотореалистичная предметная фотография для каталога. Подкадр F03914-a — весь кадр F03914 (4 поз.): позиций мало или на фото они одинаковы. Что в кадре: типичное изделие группы «Коробка соединительная» — коробка соединительная (самое частое в группе). Как выглядит: коробка: монтажная/распаечная коробка — пластиковый корпус с крышкой и вводами. Ракурс и композиция: 3/4 немного сверху, изделие целиком по центру, занимает около 70 % кадра. Фон: светлый нейтральный бесшовный #F4F6F9 без текстуры и горизонта. Свет: мягкий студийный из большого софтбокса, мягкая тень под предметом, резкость по всему предмету. Не должно быть: чужих логотипов, названий заводов и брендов, водяных знаков, надписей и любого текста, людей и рук, лишних предметов. Итог: квадрат 1200×1200 px, WebP.;Photorealistic catalog product photo. Typical product: straight-through junction box. Junction box, plastic housing with lid and entries. Three-quarter view from slightly above, whole item centred, filling about 70% of the frame. Plain seamless light neutral background #F4F6F9, no texture, no horizon line. Soft large-softbox studio lighting, soft contact shadow underneath, sharp focus across the whole item, photorealistic e-commerce catalog product photo, high detail, 85mm lens look, square 1:1, 1200x1200.;text, letters, numbers, logo, brand name, manufacturer marking, watermark, printed label, people, hands, faces, multiple products, cluttered background, props, distorted geometry, extra parts, cartoon, illustration, CGI look, blur, low resolution;текст, буквы, цифры, логотип, бренд, заводская маркировка, водяной знак, этикетка с надписями, люди, руки, лица, несколько предметов, захламленный фон, реквизит, искаженная геометрия, лишние детали, мультяшный стиль, иллюстрация, вид 3D-рендера, размытие, низкое разрешение;снимок кадра;Отдельный снимок не нужен: на эти позиции встает снимок кадра F03914 (файл photos/F03914.webp).;— (используется photos/F03914.webp)
F03975-a;F03975;5;28303;Опоры и стойки;"Цоколь универсальный (самое частое в группе); группа «Цоколь универсальный»";изделия группы «Цоколь универсальный»;весь кадр;;;;;весь кадр — снимок кадра;3;Фотореалистичная предметная фотография для каталога. Подкадр F03975-a — весь кадр F03975 (3 поз.): позиций мало или на фото они одинаковы. Что в кадре: типичное изделие группы «Цоколь универсальный» — цоколь универсальный (самое частое в группе). Как выглядит: цоколь: основание-база под лампу или изделие. Ракурс и композиция: 3/4 немного сверху, изделие целиком по центру, занимает около 70 % кадра. Фон: светлый нейтральный бесшовный #F4F6F9 без текстуры и горизонта. Свет: мягкий студийный из большого софтбокса, мягкая тень под предметом, резкость по всему предмету. Не должно быть: чужих логотипов, названий заводов и брендов, водяных знаков, надписей и любого текста, людей и рук, лишних предметов. Итог: квадрат 1200×1200 px, WebP.;Photorealistic catalog product photo. Typical product: universal lamp base. Lamp base or mounting socket. Three-quarter view from slightly above, whole item centred, filling about 70% of the frame. Plain seamless light neutral background #F4F6F9, no texture, no horizon line. Soft large-softbox studio lighting, soft contact shadow underneath, sharp focus across the whole item, photorealistic e-commerce catalog product photo, high detail, 85mm lens look, square 1:1, 1200x1200.;text, letters, numbers, logo, brand name, manufacturer marking, watermark, printed label, people, hands, faces, multiple products, cluttered background, props, distorted geometry, extra parts, cartoon, illustration, CGI look, blur, low resolution;текст, буквы, цифры, логотип, бренд, заводская маркировка, водяной знак, этикетка с надписями, люди, руки, лица, несколько предметов, захламленный фон, реквизит, искаженная геометрия, лишние детали, мультяшный стиль, иллюстрация, вид 3D-рендера, размытие, низкое разрешение;снимок кадра;Отдельный снимок не нужен: на эти позиции встает снимок кадра F03975 (файл photos/F03975.webp).;— (используется photos/F03975.webp)
F04064-a;F04064;5;28630;Опоры и стойки;"Комплект (самое частое в группе); группа «Комплект метизов»";изделия группы «Комплект метизов»;весь кадр;;;;;весь кадр — снимок кадра;2;"Фотореалистичная предметная фотография для каталога. Подкадр F04064-a — весь кадр F04064 (2 поз.): позиций мало или на фото они одинаковы. Что в кадре: типичное изделие группы «Комплект метизов» — комплект (самое частое в группе). Как выглядит: комплект: детали комплекта аккуратно разложены рядом. Ракурс и композиция: 3/4 немного сверху, изделие целиком по центру, занимает около 70 % кадра; детали комплекта разложены ровной группой. Фон: светлый нейтральный бесшовный #F4F6F9 без текстуры и горизонта. Свет: мягкий студийный из большого софтбокса, мягкая тень под предметом, резкость по всему предмету. Не должно быть: чужих логотипов, названий заводов и брендов, водяных знаков, надписей и любого текста, людей и рук, лишних предметов. Итог: квадрат 1200×1200 px, WebP.";"Photorealistic catalog product photo. Typical product: kit. Kit, parts neatly laid out together. Three-quarter view from slightly above, whole item centred, filling about 70% of the frame; kit parts arranged neatly. Plain seamless light neutral background #F4F6F9, no texture, no horizon line. Soft large-softbox studio lighting, soft contact shadow underneath, sharp focus across the whole item, photorealistic e-commerce catalog product photo, high detail, 85mm lens look, square 1:1, 1200x1200.";text, letters, numbers, logo, brand name, manufacturer marking, watermark, printed label, people, hands, faces, multiple products, cluttered background, props, distorted geometry, extra parts, cartoon, illustration, CGI look, blur, low resolution;текст, буквы, цифры, логотип, бренд, заводская маркировка, водяной знак, этикетка с надписями, люди, руки, лица, несколько предметов, захламленный фон, реквизит, искаженная геометрия, лишние детали, мультяшный стиль, иллюстрация, вид 3D-рендера, размытие, низкое разрешение;снимок кадра;Отдельный снимок не нужен: на эти позиции встает снимок кадра F04064 (файл photos/F04064.webp).;— (используется photos/F04064.webp)
F04065-a;F04065;5;28631;Опоры и стойки;"Молниеотвод граненый (самое частое в группе); группа «Опоры граненые»";изделия группы «Опоры граненые»;весь кадр;;;;;весь кадр — снимок кадра;2;Фотореалистичная предметная фотография для каталога. Подкадр F04065-a — весь кадр F04065 (2 поз.): позиций мало или на фото они одинаковы. Что в кадре: типичное изделие группы «Опоры граненые» — молниеотвод граненый (самое частое в группе). Как выглядит: молниезащита: металлические стержни, держатели и зажимы (сталь оцинкованная/медь). По данным позиций кадра: конструкция — граненая. Масштаб: высота около 16,5 м (медиана по позициям) — крупногабаритная конструкция. Ракурс и композиция: 3/4 немного сверху, изделие целиком по центру, занимает около 70 % кадра. Фон: светлый нейтральный бесшовный #F4F6F9 без текстуры и горизонта. Свет: мягкий студийный из большого софтбокса, мягкая тень под предметом, резкость по всему предмету. Не должно быть: чужих логотипов, названий заводов и брендов, водяных знаков, надписей и любого текста, людей и рук, лишних предметов. Итог: квадрат 1200×1200 px, WebP.;Photorealistic catalog product photo. Typical industrial product. Lightning protection parts, galvanised steel or copper rods, holders and clamps. Scale: about 16.5 m tall, very large structure. Three-quarter view from slightly above, whole item centred, filling about 70% of the frame. Plain seamless light neutral background #F4F6F9, no texture, no horizon line. Soft large-softbox studio lighting, soft contact shadow underneath, sharp focus across the whole item, photorealistic e-commerce catalog product photo, high detail, 85mm lens look, square 1:1, 1200x1200.;text, letters, numbers, logo, brand name, manufacturer marking, watermark, printed label, people, hands, faces, multiple products, cluttered background, props, distorted geometry, extra parts, cartoon, illustration, CGI look, blur, low resolution;текст, буквы, цифры, логотип, бренд, заводская маркировка, водяной знак, этикетка с надписями, люди, руки, лица, несколько предметов, захламленный фон, реквизит, искаженная геометрия, лишние детали, мультяшный стиль, иллюстрация, вид 3D-рендера, размытие, низкое разрешение;снимок кадра;Отдельный снимок не нужен: на эти позиции встает снимок кадра F04065 (файл photos/F04065.webp).;— (используется photos/F04065.webp)
F04066-a;F04066;5;28632;Опоры и стойки;"Закладная анкерная (самое частое в группе); группа «Фундаменты для опор»";изделия группы «Фундаменты для опор»;весь кадр;;;;;весь кадр — снимок кадра;2;"Фотореалистичная предметная фотография для каталога. Подкадр F04066-a — весь кадр F04066 (2 поз.): позиций мало или на фото они одинаковы. Что в кадре: типичное изделие группы «Фундаменты для опор» — закладная анкерная (самое частое в группе). Как выглядит: закладная анкерная в типичном для этого вида исполнении; форму, пропорции и детали — как у типичного изделия этого вида. Ракурс и композиция: 3/4 немного сверху, изделие целиком по центру, занимает около 70 % кадра. Фон: светлый нейтральный бесшовный #F4F6F9 без текстуры и горизонта. Свет: мягкий студийный из большого софтбокса, мягкая тень под предметом, резкость по всему предмету. Не должно быть: чужих логотипов, названий заводов и брендов, водяных знаков, надписей и любого текста, людей и рук, лишних предметов. Итог: квадрат 1200×1200 px, WebP.";Photorealistic catalog product photo. Typical industrial product. The product in its typical standard design. Three-quarter view from slightly above, whole item centred, filling about 70% of the frame. Plain seamless light neutral background #F4F6F9, no texture, no horizon line. Soft large-softbox studio lighting, soft contact shadow underneath, sharp focus across the whole item, photorealistic e-commerce catalog product photo, high detail, 85mm lens look, square 1:1, 1200x1200.;text, letters, numbers, logo, brand name, manufacturer marking, watermark, printed label, people, hands, faces, multiple products, cluttered background, props, distorted geometry, extra parts, cartoon, illustration, CGI look, blur, low resolution;текст, буквы, цифры, логотип, бренд, заводская маркировка, водяной знак, этикетка с надписями, люди, руки, лица, несколько предметов, захламленный фон, реквизит, искаженная геометрия, лишние детали, мультяшный стиль, иллюстрация, вид 3D-рендера, размытие, низкое разрешение;снимок кадра;Отдельный снимок не нужен: на эти позиции встает снимок кадра F04066 (файл photos/F04066.webp).;— (используется photos/F04066.webp)
F04325-a;F04325;5;29103;Опоры и стойки;"Заглушка стальная (самое частое в группе); группа «Заглушка стальная»";изделия группы «Заглушка стальная»;весь кадр;;;;;весь кадр — снимок кадра;1;Фотореалистичная предметная фотография для каталога. Подкадр F04325-a — весь кадр F04325 (1 поз.): позиций мало или на фото они одинаковы. Что в кадре: типичное изделие группы «Заглушка стальная» — заглушка стальная (самое частое в группе). Как выглядит: заглушка: торцевая пластина/колпачок, закрывающий конец лотка, трубы или корпуса. Ракурс и композиция: 3/4 немного сверху, изделие целиком по центру, занимает около 70 % кадра. Фон: светлый нейтральный бесшовный #F4F6F9 без текстуры и горизонта. Свет: мягкий студийный из большого софтбокса, мягкая тень под предметом, резкость по всему предмету. Не должно быть: чужих логотипов, названий заводов и брендов, водяных знаков, надписей и любого текста, людей и рук, лишних предметов. Итог: квадрат 1200×1200 px, WebP.;Photorealistic catalog product photo. Typical product: steel end cap. End cap or blanking plate. Three-quarter view from slightly above, whole item centred, filling about 70% of the frame. Plain seamless light neutral background #F4F6F9, no texture, no horizon line. Soft large-softbox studio lighting, soft contact shadow underneath, sharp focus across the whole item, photorealistic e-commerce catalog product photo, high detail, 85mm lens look, square 1:1, 1200x1200.;text, letters, numbers, logo, brand name, manufacturer marking, watermark, printed label, people, hands, faces, multiple products, cluttered background, props, distorted geometry, extra parts, cartoon, illustration, CGI look, blur, low resolution;текст, буквы, цифры, логотип, бренд, заводская маркировка, водяной знак, этикетка с надписями, люди, руки, лица, несколько предметов, захламленный фон, реквизит, искаженная геометрия, лишние детали, мультяшный стиль, иллюстрация, вид 3D-рендера, размытие, низкое разрешение;снимок кадра;Отдельный снимок не нужен: на эти позиции встает снимок кадра F04325 (файл photos/F04325.webp).;— (используется photos/F04325.webp)
F04326-a;F04326;5;29104;Опоры и стойки;"Лебедка ручная (самое частое в группе); группа «Лебедка ручная»";изделия группы «Лебедка ручная»;весь кадр;;;;;весь кадр — снимок кадра;1;Фотореалистичная предметная фотография для каталога. Подкадр F04326-a — весь кадр F04326 (1 поз.): позиций мало или на фото они одинаковы. Что в кадре: типичное изделие группы «Лебедка ручная» — лебедка ручная (самое частое в группе). Как выглядит: лебедка: барабан с тросом, рама, рукоятка или электродвигатель. Ракурс и композиция: 3/4 немного сверху, изделие целиком по центру, занимает около 70 % кадра. Фон: светлый нейтральный бесшовный #F4F6F9 без текстуры и горизонта. Свет: мягкий студийный из большого софтбокса, мягкая тень под предметом, резкость по всему предмету. Не должно быть: чужих логотипов, названий заводов и брендов, водяных знаков, надписей и любого текста, людей и рук, лишних предметов. Итог: квадрат 1200×1200 px, WebP.;Photorealistic catalog product photo. Typical product: manual winch. Winch with rope drum, frame and handle or motor. Three-quarter view from slightly above, whole item centred, filling about 70% of the frame. Plain seamless light neutral background #F4F6F9, no texture, no horizon line. Soft large-softbox studio lighting, soft contact shadow underneath, sharp focus across the whole item, photorealistic e-commerce catalog product photo, high detail, 85mm lens look, square 1:1, 1200x1200.;text, letters, numbers, logo, brand name, manufacturer marking, watermark, printed label, people, hands, faces, multiple products, cluttered background, props, distorted geometry, extra parts, cartoon, illustration, CGI look, blur, low resolution;текст, буквы, цифры, логотип, бренд, заводская маркировка, водяной знак, этикетка с надписями, люди, руки, лица, несколько предметов, захламленный фон, реквизит, искаженная геометрия, лишние детали, мультяшный стиль, иллюстрация, вид 3D-рендера, размытие, низкое разрешение;снимок кадра;Отдельный снимок не нужен: на эти позиции встает снимок кадра F04326 (файл photos/F04326.webp).;— (используется photos/F04326.webp)
F04327-a;F04327;5;29105;Опоры и стойки;"Молниеотвод граненый (самое частое в группе); группа «Опоры 10 метров»";изделия группы «Опоры 10 метров»;весь кадр;;;;;весь кадр — снимок кадра;1;Фотореалистичная предметная фотография для каталога. Подкадр F04327-a — весь кадр F04327 (1 поз.): позиций мало или на фото они одинаковы. Что в кадре: типичное изделие группы «Опоры 10 метров» — молниеотвод граненый (самое частое в группе). Как выглядит: молниезащита: металлические стержни, держатели и зажимы (сталь оцинкованная/медь). По данным позиций кадра: конструкция — граненая. Масштаб: высота около 10 м (медиана по позициям) — крупногабаритная конструкция. Ракурс и композиция: 3/4 немного сверху, изделие целиком по центру, занимает около 70 % кадра. Фон: светлый нейтральный бесшовный #F4F6F9 без текстуры и горизонта. Свет: мягкий студийный из большого софтбокса, мягкая тень под предметом, резкость по всему предмету. Не должно быть: чужих логотипов, названий заводов и брендов, водяных знаков, надписей и любого текста, людей и рук, лишних предметов. Итог: квадрат 1200×1200 px, WebP.;Photorealistic catalog product photo. Typical industrial product. Lightning protection parts, galvanised steel or copper rods, holders and clamps. Scale: about 10 m tall, very large structure. Three-quarter view from slightly above, whole item centred, filling about 70% of the frame. Plain seamless light neutral background #F4F6F9, no texture, no horizon line. Soft large-softbox studio lighting, soft contact shadow underneath, sharp focus across the whole item, photorealistic e-commerce catalog product photo, high detail, 85mm lens look, square 1:1, 1200x1200.;text, letters, numbers, logo, brand name, manufacturer marking, watermark, printed label, people, hands, faces, multiple products, cluttered background, props, distorted geometry, extra parts, cartoon, illustration, CGI look, blur, low resolution;текст, буквы, цифры, логотип, бренд, заводская маркировка, водяной знак, этикетка с надписями, люди, руки, лица, несколько предметов, захламленный фон, реквизит, искаженная геометрия, лишние детали, мультяшный стиль, иллюстрация, вид 3D-рендера, размытие, низкое разрешение;снимок кадра;Отдельный снимок не нужен: на эти позиции встает снимок кадра F04327 (файл photos/F04327.webp).;— (используется photos/F04327.webp)
F04328-a;F04328;5;29106;Опоры и стойки;"Молниеотвод граненый (самое частое в группе); группа «Опоры 12 м»";изделия группы «Опоры 12 м»;весь кадр;;;;;весь кадр — снимок кадра;1;Фотореалистичная предметная фотография для каталога. Подкадр F04328-a — весь кадр F04328 (1 поз.): позиций мало или на фото они одинаковы. Что в кадре: типичное изделие группы «Опоры 12 м» — молниеотвод граненый (самое частое в группе). Как выглядит: молниезащита: металлические стержни, держатели и зажимы (сталь оцинкованная/медь). По данным позиций кадра: конструкция — граненая. Масштаб: высота около 12 м (медиана по позициям) — крупногабаритная конструкция. Ракурс и композиция: 3/4 немного сверху, изделие целиком по центру, занимает около 70 % кадра. Фон: светлый нейтральный бесшовный #F4F6F9 без текстуры и горизонта. Свет: мягкий студийный из большого софтбокса, мягкая тень под предметом, резкость по всему предмету. Не должно быть: чужих логотипов, названий заводов и брендов, водяных знаков, надписей и любого текста, людей и рук, лишних предметов. Итог: квадрат 1200×1200 px, WebP.;Photorealistic catalog product photo. Typical industrial product. Lightning protection parts, galvanised steel or copper rods, holders and clamps. Scale: about 12 m tall, very large structure. Three-quarter view from slightly above, whole item centred, filling about 70% of the frame. Plain seamless light neutral background #F4F6F9, no texture, no horizon line. Soft large-softbox studio lighting, soft contact shadow underneath, sharp focus across the whole item, photorealistic e-commerce catalog product photo, high detail, 85mm lens look, square 1:1, 1200x1200.;text, letters, numbers, logo, brand name, manufacturer marking, watermark, printed label, people, hands, faces, multiple products, cluttered background, props, distorted geometry, extra parts, cartoon, illustration, CGI look, blur, low resolution;текст, буквы, цифры, логотип, бренд, заводская маркировка, водяной знак, этикетка с надписями, люди, руки, лица, несколько предметов, захламленный фон, реквизит, искаженная геометрия, лишние детали, мультяшный стиль, иллюстрация, вид 3D-рендера, размытие, низкое разрешение;снимок кадра;Отдельный снимок не нужен: на эти позиции встает снимок кадра F04328 (файл photos/F04328.webp).;— (используется photos/F04328.webp)
F04329-a;F04329;5;29107;Опоры и стойки;"Молниеотвод граненый (самое частое в группе); группа «Опоры 15 метров»";изделия группы «Опоры 15 метров»;весь кадр;;;;;весь кадр — снимок кадра;1;Фотореалистичная предметная фотография для каталога. Подкадр F04329-a — весь кадр F04329 (1 поз.): позиций мало или на фото они одинаковы. Что в кадре: типичное изделие группы «Опоры 15 метров» — молниеотвод граненый (самое частое в группе). Как выглядит: молниезащита: металлические стержни, держатели и зажимы (сталь оцинкованная/медь). По данным позиций кадра: конструкция — граненая. Масштаб: высота около 15 м (медиана по позициям) — крупногабаритная конструкция. Ракурс и композиция: 3/4 немного сверху, изделие целиком по центру, занимает около 70 % кадра. Фон: светлый нейтральный бесшовный #F4F6F9 без текстуры и горизонта. Свет: мягкий студийный из большого софтбокса, мягкая тень под предметом, резкость по всему предмету. Не должно быть: чужих логотипов, названий заводов и брендов, водяных знаков, надписей и любого текста, людей и рук, лишних предметов. Итог: квадрат 1200×1200 px, WebP.;Photorealistic catalog product photo. Typical industrial product. Lightning protection parts, galvanised steel or copper rods, holders and clamps. Scale: about 15 m tall, very large structure. Three-quarter view from slightly above, whole item centred, filling about 70% of the frame. Plain seamless light neutral background #F4F6F9, no texture, no horizon line. Soft large-softbox studio lighting, soft contact shadow underneath, sharp focus across the whole item, photorealistic e-commerce catalog product photo, high detail, 85mm lens look, square 1:1, 1200x1200.;text, letters, numbers, logo, brand name, manufacturer marking, watermark, printed label, people, hands, faces, multiple products, cluttered background, props, distorted geometry, extra parts, cartoon, illustration, CGI look, blur, low resolution;текст, буквы, цифры, логотип, бренд, заводская маркировка, водяной знак, этикетка с надписями, люди, руки, лица, несколько предметов, захламленный фон, реквизит, искаженная геометрия, лишние детали, мультяшный стиль, иллюстрация, вид 3D-рендера, размытие, низкое разрешение;снимок кадра;Отдельный снимок не нужен: на эти позиции встает снимок кадра F04329 (файл photos/F04329.webp).;— (используется photos/F04329.webp)
F04330-a;F04330;5;29108;Опоры и стойки;"Молниеотвод граненый (самое частое в группе); группа «Опоры 16 метров»";изделия группы «Опоры 16 метров»;весь кадр;;;;;весь кадр — снимок кадра;1;Фотореалистичная предметная фотография для каталога. Подкадр F04330-a — весь кадр F04330 (1 поз.): позиций мало или на фото они одинаковы. Что в кадре: типичное изделие группы «Опоры 16 метров» — молниеотвод граненый (самое частое в группе). Как выглядит: молниезащита: металлические стержни, держатели и зажимы (сталь оцинкованная/медь). По данным позиций кадра: конструкция — граненая. Масштаб: высота около 16 м (медиана по позициям) — крупногабаритная конструкция. Ракурс и композиция: 3/4 немного сверху, изделие целиком по центру, занимает около 70 % кадра. Фон: светлый нейтральный бесшовный #F4F6F9 без текстуры и горизонта. Свет: мягкий студийный из большого софтбокса, мягкая тень под предметом, резкость по всему предмету. Не должно быть: чужих логотипов, названий заводов и брендов, водяных знаков, надписей и любого текста, людей и рук, лишних предметов. Итог: квадрат 1200×1200 px, WebP.;Photorealistic catalog product photo. Typical industrial product. Lightning protection parts, galvanised steel or copper rods, holders and clamps. Scale: about 16 m tall, very large structure. Three-quarter view from slightly above, whole item centred, filling about 70% of the frame. Plain seamless light neutral background #F4F6F9, no texture, no horizon line. Soft large-softbox studio lighting, soft contact shadow underneath, sharp focus across the whole item, photorealistic e-commerce catalog product photo, high detail, 85mm lens look, square 1:1, 1200x1200.;text, letters, numbers, logo, brand name, manufacturer marking, watermark, printed label, people, hands, faces, multiple products, cluttered background, props, distorted geometry, extra parts, cartoon, illustration, CGI look, blur, low resolution;текст, буквы, цифры, логотип, бренд, заводская маркировка, водяной знак, этикетка с надписями, люди, руки, лица, несколько предметов, захламленный фон, реквизит, искаженная геометрия, лишние детали, мультяшный стиль, иллюстрация, вид 3D-рендера, размытие, низкое разрешение;снимок кадра;Отдельный снимок не нужен: на эти позиции встает снимок кадра F04330 (файл photos/F04330.webp).;— (используется photos/F04330.webp)
F04331-a;F04331;5;29109;Опоры и стойки;"Молниеотвод граненый (самое частое в группе); группа «Опоры 18 метров»";изделия группы «Опоры 18 метров»;весь кадр;;;;;весь кадр — снимок кадра;1;Фотореалистичная предметная фотография для каталога. Подкадр F04331-a — весь кадр F04331 (1 поз.): позиций мало или на фото они одинаковы. Что в кадре: типичное изделие группы «Опоры 18 метров» — молниеотвод граненый (самое частое в группе). Как выглядит: молниезащита: металлические стержни, держатели и зажимы (сталь оцинкованная/медь). По данным позиций кадра: конструкция — граненая. Масштаб: высота около 18 м (медиана по позициям) — крупногабаритная конструкция. Ракурс и композиция: 3/4 немного сверху, изделие целиком по центру, занимает около 70 % кадра. Фон: светлый нейтральный бесшовный #F4F6F9 без текстуры и горизонта. Свет: мягкий студийный из большого софтбокса, мягкая тень под предметом, резкость по всему предмету. Не должно быть: чужих логотипов, названий заводов и брендов, водяных знаков, надписей и любого текста, людей и рук, лишних предметов. Итог: квадрат 1200×1200 px, WebP.;Photorealistic catalog product photo. Typical industrial product. Lightning protection parts, galvanised steel or copper rods, holders and clamps. Scale: about 18 m tall, very large structure. Three-quarter view from slightly above, whole item centred, filling about 70% of the frame. Plain seamless light neutral background #F4F6F9, no texture, no horizon line. Soft large-softbox studio lighting, soft contact shadow underneath, sharp focus across the whole item, photorealistic e-commerce catalog product photo, high detail, 85mm lens look, square 1:1, 1200x1200.;text, letters, numbers, logo, brand name, manufacturer marking, watermark, printed label, people, hands, faces, multiple products, cluttered background, props, distorted geometry, extra parts, cartoon, illustration, CGI look, blur, low resolution;текст, буквы, цифры, логотип, бренд, заводская маркировка, водяной знак, этикетка с надписями, люди, руки, лица, несколько предметов, захламленный фон, реквизит, искаженная геометрия, лишние детали, мультяшный стиль, иллюстрация, вид 3D-рендера, размытие, низкое разрешение;снимок кадра;Отдельный снимок не нужен: на эти позиции встает снимок кадра F04331 (файл photos/F04331.webp).;— (используется photos/F04331.webp)
F04332-a;F04332;5;29110;Опоры и стойки;"Молниеотвод граненый (самое частое в группе); группа «Опоры 20 метров»";изделия группы «Опоры 20 метров»;весь кадр;;;;;весь кадр — снимок кадра;1;Фотореалистичная предметная фотография для каталога. Подкадр F04332-a — весь кадр F04332 (1 поз.): позиций мало или на фото они одинаковы. Что в кадре: типичное изделие группы «Опоры 20 метров» — молниеотвод граненый (самое частое в группе). Как выглядит: молниезащита: металлические стержни, держатели и зажимы (сталь оцинкованная/медь). По данным позиций кадра: конструкция — граненая. Масштаб: высота около 20 м (медиана по позициям) — крупногабаритная конструкция. Ракурс и композиция: 3/4 немного сверху, изделие целиком по центру, занимает около 70 % кадра. Фон: светлый нейтральный бесшовный #F4F6F9 без текстуры и горизонта. Свет: мягкий студийный из большого софтбокса, мягкая тень под предметом, резкость по всему предмету. Не должно быть: чужих логотипов, названий заводов и брендов, водяных знаков, надписей и любого текста, людей и рук, лишних предметов. Итог: квадрат 1200×1200 px, WebP.;Photorealistic catalog product photo. Typical industrial product. Lightning protection parts, galvanised steel or copper rods, holders and clamps. Scale: about 20 m tall, very large structure. Three-quarter view from slightly above, whole item centred, filling about 70% of the frame. Plain seamless light neutral background #F4F6F9, no texture, no horizon line. Soft large-softbox studio lighting, soft contact shadow underneath, sharp focus across the whole item, photorealistic e-commerce catalog product photo, high detail, 85mm lens look, square 1:1, 1200x1200.;text, letters, numbers, logo, brand name, manufacturer marking, watermark, printed label, people, hands, faces, multiple products, cluttered background, props, distorted geometry, extra parts, cartoon, illustration, CGI look, blur, low resolution;текст, буквы, цифры, логотип, бренд, заводская маркировка, водяной знак, этикетка с надписями, люди, руки, лица, несколько предметов, захламленный фон, реквизит, искаженная геометрия, лишние детали, мультяшный стиль, иллюстрация, вид 3D-рендера, размытие, низкое разрешение;снимок кадра;Отдельный снимок не нужен: на эти позиции встает снимок кадра F04332 (файл photos/F04332.webp).;— (используется photos/F04332.webp)
