Код подкадра;Кадр (parent);Приоритет;Ранг;Раздел;Группа кадра (что на фото);Вид изделия;Отличие подкадра;вид изделия;материал;размер;цвет;Тип подкадра;Позиций;Описание RU;Промпт EN;Негатив EN;Негатив RU;Метод;Как сделать;Имя файла
F00152-a;F00152;1;125;Гидравлика;Насос гидравлический;насос гидравлический;весь кадр;;;;;весь кадр — снимок кадра;925;"Фотореалистичная предметная фотография для каталога. Подкадр F00152-a — весь кадр F00152 (925 поз.): позиций мало или на фото они одинаковы. Что в кадре: насос гидравлический. Как выглядит: насос: корпус-улитка или ин-лайн корпус с напорным и всасывающим патрубками/фланцами, соединенный с электродвигателем; окраска по данным (типично синяя, серая или нержавеющая сталь). Масштаб: масса около 29 кг (медиана по позициям). Ракурс и композиция: 3/4 немного сверху, изделие целиком по центру, занимает около 70 % кадра. Фон: светлый нейтральный бесшовный #F4F6F9 без текстуры и горизонта. Свет: мягкий студийный из большого софтбокса, мягкая тень под предметом, резкость по всему предмету. Не должно быть: чужих логотипов, названий заводов и брендов, водяных знаков, надписей и любого текста, людей и рук, лишних предметов. Итог: квадрат 1200×1200 px, WebP.";Photorealistic catalog product photo. Hydraulic pump. Pump, volute or in-line casing with suction and discharge flanges, coupled electric motor. Scale: weight about 29 kg. Three-quarter view from slightly above, whole item centred, filling about 70% of the frame. Plain seamless light neutral background #F4F6F9, no texture, no horizon line. Soft large-softbox studio lighting, soft contact shadow underneath, sharp focus across the whole item, photorealistic e-commerce catalog product photo, high detail, 85mm lens look, square 1:1, 1200x1200.;text, letters, numbers, logo, brand name, manufacturer marking, watermark, printed label, people, hands, faces, multiple products, cluttered background, props, distorted geometry, extra parts, cartoon, illustration, CGI look, blur, low resolution;текст, буквы, цифры, логотип, бренд, заводская маркировка, водяной знак, этикетка с надписями, люди, руки, лица, несколько предметов, захламленный фон, реквизит, искаженная геометрия, лишние детали, мультяшный стиль, иллюстрация, вид 3D-рендера, размытие, низкое разрешение;снимок кадра;Отдельный снимок не нужен: на эти позиции встает снимок кадра F00152 (файл photos/F00152.webp).;— (используется photos/F00152.webp)
F00456-a;F00456;1;429;Гидравлика;Насос шестеренный;насос шестеренный;весь кадр;;;;;весь кадр — снимок кадра;292;"Фотореалистичная предметная фотография для каталога. Подкадр F00456-a — весь кадр F00456 (292 поз.): позиций мало или на фото они одинаковы. Что в кадре: насос шестеренный. Как выглядит: насос: корпус-улитка или ин-лайн корпус с напорным и всасывающим патрубками/фланцами, соединенный с электродвигателем; окраска по данным (типично синяя, серая или нержавеющая сталь). По данным позиций кадра: тип — шестеренный (80 %). Масштаб: масса около 6,4 кг (медиана по позициям). Ракурс и композиция: 3/4 немного сверху, изделие целиком по центру, занимает около 70 % кадра. Фон: светлый нейтральный бесшовный #F4F6F9 без текстуры и горизонта. Свет: мягкий студийный из большого софтбокса, мягкая тень под предметом, резкость по всему предмету. Не должно быть: чужих логотипов, названий заводов и брендов, водяных знаков, надписей и любого текста, людей и рук, лишних предметов. Итог: квадрат 1200×1200 px, WebP.";Photorealistic catalog product photo. Gear pump. Pump, volute or in-line casing with suction and discharge flanges, coupled electric motor. Type: gear. Scale: weight about 6.4 kg. Three-quarter view from slightly above, whole item centred, filling about 70% of the frame. Plain seamless light neutral background #F4F6F9, no texture, no horizon line. Soft large-softbox studio lighting, soft contact shadow underneath, sharp focus across the whole item, photorealistic e-commerce catalog product photo, high detail, 85mm lens look, square 1:1, 1200x1200.;text, letters, numbers, logo, brand name, manufacturer marking, watermark, printed label, people, hands, faces, multiple products, cluttered background, props, distorted geometry, extra parts, cartoon, illustration, CGI look, blur, low resolution;текст, буквы, цифры, логотип, бренд, заводская маркировка, водяной знак, этикетка с надписями, люди, руки, лица, несколько предметов, захламленный фон, реквизит, искаженная геометрия, лишние детали, мультяшный стиль, иллюстрация, вид 3D-рендера, размытие, низкое разрешение;снимок кадра;Отдельный снимок не нужен: на эти позиции встает снимок кадра F00456 (файл photos/F00456.webp).;— (используется photos/F00456.webp)
F00575-a;F00575;1;580;Гидравлика;Гидроцилиндр;гидроцилиндр;"вид изделия — гидроцилиндр; у позиций разные: размер";гидроцилиндр;;;;свой снимок;229;"Фотореалистичная предметная фотография для каталога. Подкадр F00575-a (229 из 244 позиций кадра F00575). Отличие от соседних подкадров: вид изделия — гидроцилиндр; у позиций разные: размер. Что в кадре: гидроцилиндр. Как выглядит: гидроцилиндр: стальная гильза со штоком и проушинами. По данным позиций кадра: тип — гидроцилиндр ковша (46 %). Масштаб: длина/ширина около 1310 мм (медиана по позициям) — крупное оборудование ростом примерно с человека. Ракурс и композиция: 3/4 немного сверху, изделие целиком по центру, занимает около 70 % кадра. Фон: светлый нейтральный бесшовный #F4F6F9 без текстуры и горизонта. Свет: мягкий студийный из большого софтбокса, мягкая тень под предметом, резкость по всему предмету. Не должно быть: чужих логотипов, названий заводов и брендов, водяных знаков, надписей и любого текста, людей и рук, лишних предметов. Итог: квадрат 1200×1200 px, WebP.";Photorealistic catalog product photo. Distinctive for this variant: hydraulic cylinder. Hydraulic cylinder. Hydraulic cylinder with steel barrel, rod and eyes. Scale: about 1310 mm, large equipment, about human height. Three-quarter view from slightly above, whole item centred, filling about 70% of the frame. Plain seamless light neutral background #F4F6F9, no texture, no horizon line. Soft large-softbox studio lighting, soft contact shadow underneath, sharp focus across the whole item, photorealistic e-commerce catalog product photo, high detail, 85mm lens look, square 1:1, 1200x1200.;text, letters, numbers, logo, brand name, manufacturer marking, watermark, printed label, people, hands, faces, multiple products, cluttered background, props, distorted geometry, extra parts, cartoon, illustration, CGI look, blur, low resolution;текст, буквы, цифры, логотип, бренд, заводская маркировка, водяной знак, этикетка с надписями, люди, руки, лица, несколько предметов, захламленный фон, реквизит, искаженная геометрия, лишние детали, мультяшный стиль, иллюстрация, вид 3D-рендера, размытие, низкое разрешение;генерация;"Генерация по промпту; за основу — готовый снимок кадра F00575 (тот же ракурс, свет, фон), меняется только отличие подкадра.";photos/F00575-a.webp
F00575-b;F00575;3;13843;Гидравлика;Гидроцилиндр;гидроцилиндр;"вид изделия — гидроцилиндр; габариты 450–1100 мм (до метра)";гидроцилиндр;;450–1100 мм (до метра);;свой снимок;11;"Фотореалистичная предметная фотография для каталога. Подкадр F00575-b (11 из 244 позиций кадра F00575). Отличие от соседних подкадров: вид изделия — гидроцилиндр; габариты 450–1100 мм (до метра). Что в кадре: гидроцилиндр, габариты 450–1100 мм (до метра). Как выглядит: гидроцилиндр: стальная гильза со штоком и проушинами. По данным позиций кадра: тип — гидроцилиндр поворота (60 %). Масштаб: длина/ширина около 578 мм (медиана по позициям) — крупное изделие, до метра. Ракурс и композиция: 3/4 немного сверху, изделие целиком по центру, занимает около 70 % кадра. Фон: светлый нейтральный бесшовный #F4F6F9 без текстуры и горизонта. Свет: мягкий студийный из большого софтбокса, мягкая тень под предметом, резкость по всему предмету. Не должно быть: чужих логотипов, названий заводов и брендов, водяных знаков, надписей и любого текста, людей и рук, лишних предметов. Итог: квадрат 1200×1200 px, WebP.";"Photorealistic catalog product photo. Distinctive for this variant: hydraulic cylinder; 450-1100 mm, up to one metre. Hydraulic cylinder. Hydraulic cylinder with steel barrel, rod and eyes. Scale: about 578 mm, large item, up to one metre. Three-quarter view from slightly above, whole item centred, filling about 70% of the frame. Plain seamless light neutral background #F4F6F9, no texture, no horizon line. Soft large-softbox studio lighting, soft contact shadow underneath, sharp focus across the whole item, photorealistic e-commerce catalog product photo, high detail, 85mm lens look, square 1:1, 1200x1200.";text, letters, numbers, logo, brand name, manufacturer marking, watermark, printed label, people, hands, faces, multiple products, cluttered background, props, distorted geometry, extra parts, cartoon, illustration, CGI look, blur, low resolution;текст, буквы, цифры, логотип, бренд, заводская маркировка, водяной знак, этикетка с надписями, люди, руки, лица, несколько предметов, захламленный фон, реквизит, искаженная геометрия, лишние детали, мультяшный стиль, иллюстрация, вид 3D-рендера, размытие, низкое разрешение;генерация;"Генерация по промпту; за основу — готовый снимок кадра F00575 (тот же ракурс, свет, фон), меняется только отличие подкадра.";photos/F00575-b.webp
F00575-c;F00575;5;27710;Гидравлика;Гидроцилиндр;гидроцилиндр;прочие позиции кадра;;;;;прочие позиции кадра — снимок кадра;4;"Фотореалистичная предметная фотография для каталога. Подкадр F00575-c — прочие позиции кадра F00575 (4 из 244), у которых нет общего заметного отличия от остальных 2 подкадров кадра; снимок как у кадра F00575. Что в кадре: гидроцилиндр. Как выглядит: гидроцилиндр: стальная гильза со штоком и проушинами. По данным позиций кадра: тип — разгрузочный. Масштаб: длина/ширина около 1085 мм (медиана по позициям) — крупное изделие, до метра. Ракурс и композиция: 3/4 немного сверху, изделие целиком по центру, занимает около 70 % кадра. Фон: светлый нейтральный бесшовный #F4F6F9 без текстуры и горизонта. Свет: мягкий студийный из большого софтбокса, мягкая тень под предметом, резкость по всему предмету. Не должно быть: чужих логотипов, названий заводов и брендов, водяных знаков, надписей и любого текста, людей и рук, лишних предметов. Итог: квадрат 1200×1200 px, WebP.";Photorealistic catalog product photo. Hydraulic cylinder. Hydraulic cylinder with steel barrel, rod and eyes. Scale: about 1085 mm, large item, up to one metre. Three-quarter view from slightly above, whole item centred, filling about 70% of the frame. Plain seamless light neutral background #F4F6F9, no texture, no horizon line. Soft large-softbox studio lighting, soft contact shadow underneath, sharp focus across the whole item, photorealistic e-commerce catalog product photo, high detail, 85mm lens look, square 1:1, 1200x1200.;text, letters, numbers, logo, brand name, manufacturer marking, watermark, printed label, people, hands, faces, multiple products, cluttered background, props, distorted geometry, extra parts, cartoon, illustration, CGI look, blur, low resolution;текст, буквы, цифры, логотип, бренд, заводская маркировка, водяной знак, этикетка с надписями, люди, руки, лица, несколько предметов, захламленный фон, реквизит, искаженная геометрия, лишние детали, мультяшный стиль, иллюстрация, вид 3D-рендера, размытие, низкое разрешение;снимок кадра;Отдельный снимок не нужен: на эти позиции встает снимок кадра F00575 (файл photos/F00575.webp).;— (используется photos/F00575.webp)
F00647-a;F00647;2;1853;Гидравлика;Гидромотор;гидромотор;"вид изделия — гидромотор; материал — чугун";гидромотор;чугун;;;свой снимок;80;"Фотореалистичная предметная фотография для каталога. Подкадр F00647-a (80 из 218 позиций кадра F00647). Отличие от соседних подкадров: вид изделия — гидромотор; материал — чугун. Что в кадре: гидромотор, чугун. Как выглядит: гидромотор: компактный металлический корпус с валом и портами. По данным позиций кадра: материал корпуса — сталь, чугун (53 %). Масштаб: масса около 10,3 кг (медиана по позициям). Ракурс и композиция: 3/4 немного сверху, изделие целиком по центру, занимает около 70 % кадра. Фон: светлый нейтральный бесшовный #F4F6F9 без текстуры и горизонта. Свет: мягкий студийный из большого софтбокса, мягкая тень под предметом, резкость по всему предмету. Не должно быть: чужих логотипов, названий заводов и брендов, водяных знаков, надписей и любого текста, людей и рук, лишних предметов. Итог: квадрат 1200×1200 px, WebP.";"Photorealistic catalog product photo. Distinctive for this variant: hydraulic motor; material cast iron. Hydraulic motor. Hydraulic motor with shaft and ports. Housing material: cast iron, steel. Scale: weight about 10.3 kg. Three-quarter view from slightly above, whole item centred, filling about 70% of the frame. Plain seamless light neutral background #F4F6F9, no texture, no horizon line. Soft large-softbox studio lighting, soft contact shadow underneath, sharp focus across the whole item, photorealistic e-commerce catalog product photo, high detail, 85mm lens look, square 1:1, 1200x1200.";text, letters, numbers, logo, brand name, manufacturer marking, watermark, printed label, people, hands, faces, multiple products, cluttered background, props, distorted geometry, extra parts, cartoon, illustration, CGI look, blur, low resolution;текст, буквы, цифры, логотип, бренд, заводская маркировка, водяной знак, этикетка с надписями, люди, руки, лица, несколько предметов, захламленный фон, реквизит, искаженная геометрия, лишние детали, мультяшный стиль, иллюстрация, вид 3D-рендера, размытие, низкое разрешение;генерация;"Генерация по промпту; за основу — готовый снимок кадра F00647 (тот же ракурс, свет, фон), меняется только отличие подкадра.";photos/F00647-a.webp
F00647-b;F00647;2;2616;Гидравлика;Гидромотор;гидромотор;"вид изделия — гидромотор; у позиций разные: материал";гидромотор;;;;свой снимок;59;"Фотореалистичная предметная фотография для каталога. Подкадр F00647-b (59 из 218 позиций кадра F00647). Отличие от соседних подкадров: вид изделия — гидромотор; у позиций разные: материал. Что в кадре: гидромотор. Как выглядит: гидромотор: компактный металлический корпус с валом и портами. Ракурс и композиция: 3/4 немного сверху, изделие целиком по центру, занимает около 70 % кадра. Фон: светлый нейтральный бесшовный #F4F6F9 без текстуры и горизонта. Свет: мягкий студийный из большого софтбокса, мягкая тень под предметом, резкость по всему предмету. Не должно быть: чужих логотипов, названий заводов и брендов, водяных знаков, надписей и любого текста, людей и рук, лишних предметов. Итог: квадрат 1200×1200 px, WebP.";Photorealistic catalog product photo. Distinctive for this variant: hydraulic motor. Hydraulic motor. Hydraulic motor with shaft and ports. Three-quarter view from slightly above, whole item centred, filling about 70% of the frame. Plain seamless light neutral background #F4F6F9, no texture, no horizon line. Soft large-softbox studio lighting, soft contact shadow underneath, sharp focus across the whole item, photorealistic e-commerce catalog product photo, high detail, 85mm lens look, square 1:1, 1200x1200.;text, letters, numbers, logo, brand name, manufacturer marking, watermark, printed label, people, hands, faces, multiple products, cluttered background, props, distorted geometry, extra parts, cartoon, illustration, CGI look, blur, low resolution;текст, буквы, цифры, логотип, бренд, заводская маркировка, водяной знак, этикетка с надписями, люди, руки, лица, несколько предметов, захламленный фон, реквизит, искаженная геометрия, лишние детали, мультяшный стиль, иллюстрация, вид 3D-рендера, размытие, низкое разрешение;генерация;"Генерация по промпту; за основу — готовый снимок кадра F00647 (тот же ракурс, свет, фон), меняется только отличие подкадра.";photos/F00647-b.webp
F00647-c;F00647;2;2669;Гидравлика;Гидромотор;гидромотор;"вид изделия — гидромотор; материал — чугун; цвет — серый";гидромотор;чугун;;серый;свой снимок;58;"Фотореалистичная предметная фотография для каталога. Подкадр F00647-c (58 из 218 позиций кадра F00647). Отличие от соседних подкадров: вид изделия — гидромотор; материал — чугун; цвет — серый. Что в кадре: гидромотор, чугун, серый. Как выглядит: гидромотор: компактный металлический корпус с валом и портами. По данным позиций кадра: материал корпуса — чугун серый; цвет — серый. Масштаб: масса около 29 кг (медиана по позициям). Ракурс и композиция: 3/4 немного сверху, изделие целиком по центру, занимает около 70 % кадра. Фон: светлый нейтральный бесшовный #F4F6F9 без текстуры и горизонта. Свет: мягкий студийный из большого софтбокса, мягкая тень под предметом, резкость по всему предмету. Не должно быть: чужих логотипов, названий заводов и брендов, водяных знаков, надписей и любого текста, людей и рук, лишних предметов. Итог: квадрат 1200×1200 px, WebP.";"Photorealistic catalog product photo. Distinctive for this variant: hydraulic motor; material cast iron; colour grey. Hydraulic motor. Hydraulic motor with shaft and ports. Housing material: cast iron; grey colour. Scale: weight about 29 kg. Three-quarter view from slightly above, whole item centred, filling about 70% of the frame. Plain seamless light neutral background #F4F6F9, no texture, no horizon line. Soft large-softbox studio lighting, soft contact shadow underneath, sharp focus across the whole item, photorealistic e-commerce catalog product photo, high detail, 85mm lens look, square 1:1, 1200x1200.";text, letters, numbers, logo, brand name, manufacturer marking, watermark, printed label, people, hands, faces, multiple products, cluttered background, props, distorted geometry, extra parts, cartoon, illustration, CGI look, blur, low resolution;текст, буквы, цифры, логотип, бренд, заводская маркировка, водяной знак, этикетка с надписями, люди, руки, лица, несколько предметов, захламленный фон, реквизит, искаженная геометрия, лишние детали, мультяшный стиль, иллюстрация, вид 3D-рендера, размытие, низкое разрешение;генерация;"Генерация по промпту; за основу — готовый снимок кадра F00647 (тот же ракурс, свет, фон), меняется только отличие подкадра.";photos/F00647-c.webp
F00647-d;F00647;3;9391;Гидравлика;Гидромотор;гидромотор;"вид изделия — гидромотор; материал — алюминий";гидромотор;алюминий;;;свой снимок;17;"Фотореалистичная предметная фотография для каталога. Подкадр F00647-d (17 из 218 позиций кадра F00647). Отличие от соседних подкадров: вид изделия — гидромотор; материал — алюминий. Что в кадре: гидромотор, алюминий. Как выглядит: гидромотор: компактный металлический корпус с валом и портами. По данным позиций кадра: материал корпуса — сплав алюминиевый. Ракурс и композиция: 3/4 немного сверху, изделие целиком по центру, занимает около 70 % кадра. Фон: светлый нейтральный бесшовный #F4F6F9 без текстуры и горизонта. Свет: мягкий студийный из большого софтбокса, мягкая тень под предметом, резкость по всему предмету. Не должно быть: чужих логотипов, названий заводов и брендов, водяных знаков, надписей и любого текста, людей и рук, лишних предметов. Итог: квадрат 1200×1200 px, WebP.";"Photorealistic catalog product photo. Distinctive for this variant: hydraulic motor; material aluminium. Hydraulic motor. Hydraulic motor with shaft and ports. Housing material: aluminium. Three-quarter view from slightly above, whole item centred, filling about 70% of the frame. Plain seamless light neutral background #F4F6F9, no texture, no horizon line. Soft large-softbox studio lighting, soft contact shadow underneath, sharp focus across the whole item, photorealistic e-commerce catalog product photo, high detail, 85mm lens look, square 1:1, 1200x1200.";text, letters, numbers, logo, brand name, manufacturer marking, watermark, printed label, people, hands, faces, multiple products, cluttered background, props, distorted geometry, extra parts, cartoon, illustration, CGI look, blur, low resolution;текст, буквы, цифры, логотип, бренд, заводская маркировка, водяной знак, этикетка с надписями, люди, руки, лица, несколько предметов, захламленный фон, реквизит, искаженная геометрия, лишние детали, мультяшный стиль, иллюстрация, вид 3D-рендера, размытие, низкое разрешение;генерация;"Генерация по промпту; за основу — готовый снимок кадра F00647 (тот же ракурс, свет, фон), меняется только отличие подкадра.";photos/F00647-d.webp
F00647-e;F00647;5;27714;Гидравлика;Гидромотор;гидромотор;прочие позиции кадра;;;;;прочие позиции кадра — снимок кадра;4;"Фотореалистичная предметная фотография для каталога. Подкадр F00647-e — прочие позиции кадра F00647 (4 из 218), у которых нет общего заметного отличия от остальных 4 подкадров кадра; снимок как у кадра F00647. Что в кадре: гидромотор, гидромотор шестеренный, чугун. Как выглядит: гидромотор: компактный металлический корпус с валом и портами. По данным позиций кадра: материал корпуса — чугун серый. Ракурс и композиция: 3/4 немного сверху, изделие целиком по центру, занимает около 70 % кадра. Фон: светлый нейтральный бесшовный #F4F6F9 без текстуры и горизонта. Свет: мягкий студийный из большого софтбокса, мягкая тень под предметом, резкость по всему предмету. Не должно быть: чужих логотипов, названий заводов и брендов, водяных знаков, надписей и любого текста, людей и рук, лишних предметов. Итог: квадрат 1200×1200 px, WebP.";Photorealistic catalog product photo. Hydraulic motor. Hydraulic motor with shaft and ports. Housing material: cast iron. Three-quarter view from slightly above, whole item centred, filling about 70% of the frame. Plain seamless light neutral background #F4F6F9, no texture, no horizon line. Soft large-softbox studio lighting, soft contact shadow underneath, sharp focus across the whole item, photorealistic e-commerce catalog product photo, high detail, 85mm lens look, square 1:1, 1200x1200.;text, letters, numbers, logo, brand name, manufacturer marking, watermark, printed label, people, hands, faces, multiple products, cluttered background, props, distorted geometry, extra parts, cartoon, illustration, CGI look, blur, low resolution;текст, буквы, цифры, логотип, бренд, заводская маркировка, водяной знак, этикетка с надписями, люди, руки, лица, несколько предметов, захламленный фон, реквизит, искаженная геометрия, лишние детали, мультяшный стиль, иллюстрация, вид 3D-рендера, размытие, низкое разрешение;снимок кадра;Отдельный снимок не нужен: на эти позиции встает снимок кадра F00647 (файл photos/F00647.webp).;— (используется photos/F00647.webp)
F03029-a;F03029;2;6539;Гидравлика;Гидронасос основной;гидронасос основной;весь кадр;;;;;весь кадр — снимок кадра;25;Фотореалистичная предметная фотография для каталога. Подкадр F03029-a — весь кадр F03029 (25 поз.): позиций мало или на фото они одинаковы. Что в кадре: гидронасос основной. Как выглядит: гидронасос: компактный металлический корпус с валом, фланцем и портами. По данным позиций кадра: тип — аксиально-поршневой, регулируемый. Масштаб: масса около 145 кг (медиана по позициям). Ракурс и композиция: 3/4 немного сверху, изделие целиком по центру, занимает около 70 % кадра. Фон: светлый нейтральный бесшовный #F4F6F9 без текстуры и горизонта. Свет: мягкий студийный из большого софтбокса, мягкая тень под предметом, резкость по всему предмету. Не должно быть: чужих логотипов, названий заводов и брендов, водяных знаков, надписей и любого текста, людей и рук, лишних предметов. Итог: квадрат 1200×1200 px, WebP.;Photorealistic catalog product photo. Main hydraulic pump. Hydraulic pump, compact metal body with shaft, flange and ports. Scale: weight about 145 kg. Three-quarter view from slightly above, whole item centred, filling about 70% of the frame. Plain seamless light neutral background #F4F6F9, no texture, no horizon line. Soft large-softbox studio lighting, soft contact shadow underneath, sharp focus across the whole item, photorealistic e-commerce catalog product photo, high detail, 85mm lens look, square 1:1, 1200x1200.;text, letters, numbers, logo, brand name, manufacturer marking, watermark, printed label, people, hands, faces, multiple products, cluttered background, props, distorted geometry, extra parts, cartoon, illustration, CGI look, blur, low resolution;текст, буквы, цифры, логотип, бренд, заводская маркировка, водяной знак, этикетка с надписями, люди, руки, лица, несколько предметов, захламленный фон, реквизит, искаженная геометрия, лишние детали, мультяшный стиль, иллюстрация, вид 3D-рендера, размытие, низкое разрешение;снимок кадра;Отдельный снимок не нужен: на эти позиции встает снимок кадра F03029 (файл photos/F03029.webp).;— (используется photos/F03029.webp)
F03404-a;F03404;3;10222;Гидравлика;Насос дозировочный;насос дозировочный;весь кадр;;;;;весь кадр — снимок кадра;16;"Фотореалистичная предметная фотография для каталога. Подкадр F03404-a — весь кадр F03404 (16 поз.): позиций мало или на фото они одинаковы. Что в кадре: насос дозировочный. Как выглядит: насос: корпус-улитка или ин-лайн корпус с напорным и всасывающим патрубками/фланцами, соединенный с электродвигателем; окраска по данным (типично синяя, серая или нержавеющая сталь). По данным позиций кадра: тип — дозировочный. Масштаб: масса около 6 кг (медиана по позициям). Ракурс и композиция: 3/4 немного сверху, изделие целиком по центру, занимает около 70 % кадра. Фон: светлый нейтральный бесшовный #F4F6F9 без текстуры и горизонта. Свет: мягкий студийный из большого софтбокса, мягкая тень под предметом, резкость по всему предмету. Не должно быть: чужих логотипов, названий заводов и брендов, водяных знаков, надписей и любого текста, людей и рук, лишних предметов. Итог: квадрат 1200×1200 px, WebP.";Photorealistic catalog product photo. Dosing pump. Pump, volute or in-line casing with suction and discharge flanges, coupled electric motor. Type: dosing. Scale: weight about 6 kg. Three-quarter view from slightly above, whole item centred, filling about 70% of the frame. Plain seamless light neutral background #F4F6F9, no texture, no horizon line. Soft large-softbox studio lighting, soft contact shadow underneath, sharp focus across the whole item, photorealistic e-commerce catalog product photo, high detail, 85mm lens look, square 1:1, 1200x1200.;text, letters, numbers, logo, brand name, manufacturer marking, watermark, printed label, people, hands, faces, multiple products, cluttered background, props, distorted geometry, extra parts, cartoon, illustration, CGI look, blur, low resolution;текст, буквы, цифры, логотип, бренд, заводская маркировка, водяной знак, этикетка с надписями, люди, руки, лица, несколько предметов, захламленный фон, реквизит, искаженная геометрия, лишние детали, мультяшный стиль, иллюстрация, вид 3D-рендера, размытие, низкое разрешение;снимок кадра;Отдельный снимок не нужен: на эти позиции встает снимок кадра F03404 (файл photos/F03404.webp).;— (используется photos/F03404.webp)
F03899-a;F03899;5;27986;Гидравлика;"Гидронасос (самое частое в группе); группа «Гидронасосы»";изделия группы «Гидронасосы»;весь кадр;;;;;весь кадр — снимок кадра;4;Фотореалистичная предметная фотография для каталога. Подкадр F03899-a — весь кадр F03899 (4 поз.): позиций мало или на фото они одинаковы. Что в кадре: типичное изделие группы «Гидронасосы» — гидронасос (самое частое в группе). Как выглядит: гидронасос: компактный металлический корпус с валом, фланцем и портами. По данным позиций кадра: тип — аксиально-поршневой, регулируемый (75 %). Масштаб: масса около 7,9 кг (медиана по позициям). Ракурс и композиция: 3/4 немного сверху, изделие целиком по центру, занимает около 70 % кадра. Фон: светлый нейтральный бесшовный #F4F6F9 без текстуры и горизонта. Свет: мягкий студийный из большого софтбокса, мягкая тень под предметом, резкость по всему предмету. Не должно быть: чужих логотипов, названий заводов и брендов, водяных знаков, надписей и любого текста, людей и рук, лишних предметов. Итог: квадрат 1200×1200 px, WebP.;Photorealistic catalog product photo. Typical product: hydraulic pump. Hydraulic pump, compact metal body with shaft, flange and ports. Scale: weight about 7.9 kg. Three-quarter view from slightly above, whole item centred, filling about 70% of the frame. Plain seamless light neutral background #F4F6F9, no texture, no horizon line. Soft large-softbox studio lighting, soft contact shadow underneath, sharp focus across the whole item, photorealistic e-commerce catalog product photo, high detail, 85mm lens look, square 1:1, 1200x1200.;text, letters, numbers, logo, brand name, manufacturer marking, watermark, printed label, people, hands, faces, multiple products, cluttered background, props, distorted geometry, extra parts, cartoon, illustration, CGI look, blur, low resolution;текст, буквы, цифры, логотип, бренд, заводская маркировка, водяной знак, этикетка с надписями, люди, руки, лица, несколько предметов, захламленный фон, реквизит, искаженная геометрия, лишние детали, мультяшный стиль, иллюстрация, вид 3D-рендера, размытие, низкое разрешение;снимок кадра;Отдельный снимок не нужен: на эти позиции встает снимок кадра F03899 (файл photos/F03899.webp).;— (используется photos/F03899.webp)
