Код подкадра;Кадр (parent);Приоритет;Ранг;Раздел;Группа кадра (что на фото);Вид изделия;Отличие подкадра;вид изделия;материал;тип;размер;Тип подкадра;Позиций;Описание RU;Промпт EN;Негатив EN;Негатив RU;Метод;Как сделать;Имя файла
F00221-a;F00221;1;269;Высоковольтное оборудование;Изолятор;изолятор;материал — не указан;изолятор;;;;свой снимок;447;"Фотореалистичная предметная фотография для каталога. Подкадр F00221-a (447 из 630 позиций кадра F00221). Отличие от соседних подкадров: материал — не указан. Что в кадре: изолятор. Как выглядит: изолятор: фарфоровый, стеклянный или полимерный изолятор с ребрами и металлической арматурой. По данным позиций кадра: материал — полимер; тип — опорный, стержневой (61 %). Масштаб: масса около 9,3 кг (медиана по позициям). Ракурс и композиция: 3/4 немного сверху, изделие целиком по центру, занимает около 70 % кадра. Фон: светлый нейтральный бесшовный #F4F6F9 без текстуры и горизонта. Свет: мягкий студийный из большого софтбокса, мягкая тень под предметом, резкость по всему предмету. Не должно быть: чужих логотипов, названий заводов и брендов, водяных знаков, надписей и любого текста, людей и рук, лишних предметов. Итог: квадрат 1200×1200 px, WebP.";"Photorealistic catalog product photo. Insulator. Insulator, porcelain, glass or polymer with sheds and metal fittings. Material: polymer; type: rod support. Scale: weight about 9.3 kg. Three-quarter view from slightly above, whole item centred, filling about 70% of the frame. Plain seamless light neutral background #F4F6F9, no texture, no horizon line. Soft large-softbox studio lighting, soft contact shadow underneath, sharp focus across the whole item, photorealistic e-commerce catalog product photo, high detail, 85mm lens look, square 1:1, 1200x1200.";text, letters, numbers, logo, brand name, manufacturer marking, watermark, printed label, people, hands, faces, multiple products, cluttered background, props, distorted geometry, extra parts, cartoon, illustration, CGI look, blur, low resolution;текст, буквы, цифры, логотип, бренд, заводская маркировка, водяной знак, этикетка с надписями, люди, руки, лица, несколько предметов, захламленный фон, реквизит, искаженная геометрия, лишние детали, мультяшный стиль, иллюстрация, вид 3D-рендера, размытие, низкое разрешение;генерация;"Генерация по промпту; за основу — готовый снимок кадра F00221 (тот же ракурс, свет, фон), меняется только отличие подкадра.";photos/F00221-a.webp
F00221-b;F00221;1;1084;Высоковольтное оборудование;Изолятор;изолятор;материал — фарфор;изолятор;фарфор;;;свой снимок;131;"Фотореалистичная предметная фотография для каталога. Подкадр F00221-b (131 из 630 позиций кадра F00221). Отличие от соседних подкадров: материал — фарфор. Что в кадре: изолятор, фарфор. Как выглядит: изолятор: фарфоровый, стеклянный или полимерный изолятор с ребрами и металлической арматурой. По данным позиций кадра: материал — фарфор; тип — проходной (63 %). Масштаб: масса около 9,8 кг (медиана по позициям). Ракурс и композиция: 3/4 немного сверху, изделие целиком по центру, занимает около 70 % кадра. Фон: светлый нейтральный бесшовный #F4F6F9 без текстуры и горизонта. Свет: мягкий студийный из большого софтбокса, мягкая тень под предметом, резкость по всему предмету. Не должно быть: чужих логотипов, названий заводов и брендов, водяных знаков, надписей и любого текста, людей и рук, лишних предметов. Итог: квадрат 1200×1200 px, WebP.";Photorealistic catalog product photo. Distinctive for this variant: material porcelain. Insulator. Insulator, porcelain, glass or polymer with sheds and metal fittings. Material: porcelain. Scale: weight about 9.8 kg. Three-quarter view from slightly above, whole item centred, filling about 70% of the frame. Plain seamless light neutral background #F4F6F9, no texture, no horizon line. Soft large-softbox studio lighting, soft contact shadow underneath, sharp focus across the whole item, photorealistic e-commerce catalog product photo, high detail, 85mm lens look, square 1:1, 1200x1200.;text, letters, numbers, logo, brand name, manufacturer marking, watermark, printed label, people, hands, faces, multiple products, cluttered background, props, distorted geometry, extra parts, cartoon, illustration, CGI look, blur, low resolution;текст, буквы, цифры, логотип, бренд, заводская маркировка, водяной знак, этикетка с надписями, люди, руки, лица, несколько предметов, захламленный фон, реквизит, искаженная геометрия, лишние детали, мультяшный стиль, иллюстрация, вид 3D-рендера, размытие, низкое разрешение;генерация;"Генерация по промпту; за основу — готовый снимок кадра F00221 (тот же ракурс, свет, фон), меняется только отличие подкадра.";photos/F00221-b.webp
F00221-c;F00221;2;3640;Высоковольтное оборудование;Изолятор;изолятор;материал — стекло;изолятор;стекло;;;свой снимок;43;"Фотореалистичная предметная фотография для каталога. Подкадр F00221-c (43 из 630 позиций кадра F00221). Отличие от соседних подкадров: материал — стекло. Что в кадре: изолятор, стекло. Как выглядит: изолятор: фарфоровый, стеклянный или полимерный изолятор с ребрами и металлической арматурой. По данным позиций кадра: материал — стекло; тип — линейный, подвесной (84 %). Масштаб: масса около 4,3 кг (медиана по позициям). Ракурс и композиция: 3/4 немного сверху, изделие целиком по центру, занимает около 70 % кадра. Фон: светлый нейтральный бесшовный #F4F6F9 без текстуры и горизонта. Свет: мягкий студийный из большого софтбокса, мягкая тень под предметом, резкость по всему предмету. Не должно быть: чужих логотипов, названий заводов и брендов, водяных знаков, надписей и любого текста, людей и рук, лишних предметов. Итог: квадрат 1200×1200 px, WebP.";"Photorealistic catalog product photo. Distinctive for this variant: material glass. Insulator. Insulator, porcelain, glass or polymer with sheds and metal fittings. Material: glass; type: pendant linear. Scale: weight about 4.3 kg. Three-quarter view from slightly above, whole item centred, filling about 70% of the frame. Plain seamless light neutral background #F4F6F9, no texture, no horizon line. Soft large-softbox studio lighting, soft contact shadow underneath, sharp focus across the whole item, photorealistic e-commerce catalog product photo, high detail, 85mm lens look, square 1:1, 1200x1200.";text, letters, numbers, logo, brand name, manufacturer marking, watermark, printed label, people, hands, faces, multiple products, cluttered background, props, distorted geometry, extra parts, cartoon, illustration, CGI look, blur, low resolution;текст, буквы, цифры, логотип, бренд, заводская маркировка, водяной знак, этикетка с надписями, люди, руки, лица, несколько предметов, захламленный фон, реквизит, искаженная геометрия, лишние детали, мультяшный стиль, иллюстрация, вид 3D-рендера, размытие, низкое разрешение;генерация;"Генерация по промпту; за основу — готовый снимок кадра F00221 (тот же ракурс, свет, фон), меняется только отличие подкадра.";photos/F00221-c.webp
F00221-d;F00221;3;16119;Высоковольтное оборудование;Изолятор;изолятор;материал — керамика;изолятор;керамика;;;свой снимок;9;"Фотореалистичная предметная фотография для каталога. Подкадр F00221-d (9 из 630 позиций кадра F00221). Отличие от соседних подкадров: материал — керамика. Что в кадре: изолятор, керамика. Как выглядит: изолятор: фарфоровый, стеклянный или полимерный изолятор с ребрами и металлической арматурой. По данным позиций кадра: материал — керамика, фарфор; тип — линейный, штыревой. Масштаб: масса около 3,4 кг (медиана по позициям). Ракурс и композиция: 3/4 немного сверху, изделие целиком по центру, занимает около 70 % кадра. Фон: светлый нейтральный бесшовный #F4F6F9 без текстуры и горизонта. Свет: мягкий студийный из большого софтбокса, мягкая тень под предметом, резкость по всему предмету. Не должно быть: чужих логотипов, названий заводов и брендов, водяных знаков, надписей и любого текста, людей и рук, лишних предметов. Итог: квадрат 1200×1200 px, WebP.";"Photorealistic catalog product photo. Distinctive for this variant: material ceramic. Insulator. Insulator, porcelain, glass or polymer with sheds and metal fittings. Material: ceramic, porcelain; type: pin linear. Scale: weight about 3.4 kg. Three-quarter view from slightly above, whole item centred, filling about 70% of the frame. Plain seamless light neutral background #F4F6F9, no texture, no horizon line. Soft large-softbox studio lighting, soft contact shadow underneath, sharp focus across the whole item, photorealistic e-commerce catalog product photo, high detail, 85mm lens look, square 1:1, 1200x1200.";text, letters, numbers, logo, brand name, manufacturer marking, watermark, printed label, people, hands, faces, multiple products, cluttered background, props, distorted geometry, extra parts, cartoon, illustration, CGI look, blur, low resolution;текст, буквы, цифры, логотип, бренд, заводская маркировка, водяной знак, этикетка с надписями, люди, руки, лица, несколько предметов, захламленный фон, реквизит, искаженная геометрия, лишние детали, мультяшный стиль, иллюстрация, вид 3D-рендера, размытие, низкое разрешение;генерация;"Генерация по промпту; за основу — готовый снимок кадра F00221 (тот же ракурс, свет, фон), меняется только отличие подкадра.";photos/F00221-d.webp
F00860-a;F00860;1;1217;Высоковольтное оборудование;Ограничитель;ограничитель;тип — ограничитель перенапряжения;ограничитель;;ограничитель перенапряжения;;свой снимок;117;"Фотореалистичная предметная фотография для каталога. Подкадр F00860-a (117 из 151 позиций кадра F00860). Отличие от соседних подкадров: тип — ограничитель перенапряжения. Что в кадре: ограничитель, ограничитель перенапряжения. Как выглядит: ограничитель: ограничитель перенапряжения — цилиндрический корпус с ребрами и выводами, либо модуль на DIN-рейку. По данным позиций кадра: материал — полимер; тип — ограничитель перенапряжения. Ракурс и композиция: 3/4 немного сверху, изделие целиком по центру, занимает около 70 % кадра. Фон: светлый нейтральный бесшовный #F4F6F9 без текстуры и горизонта. Свет: мягкий студийный из большого софтбокса, мягкая тень под предметом, резкость по всему предмету. Не должно быть: чужих логотипов, названий заводов и брендов, водяных знаков, надписей и любого текста, людей и рук, лишних предметов. Итог: квадрат 1200×1200 px, WebP.";Photorealistic catalog product photo. Limiter. Surge arrester, ribbed cylindrical body with terminals or DIN-rail module. Material: polymer. Three-quarter view from slightly above, whole item centred, filling about 70% of the frame. Plain seamless light neutral background #F4F6F9, no texture, no horizon line. Soft large-softbox studio lighting, soft contact shadow underneath, sharp focus across the whole item, photorealistic e-commerce catalog product photo, high detail, 85mm lens look, square 1:1, 1200x1200.;text, letters, numbers, logo, brand name, manufacturer marking, watermark, printed label, people, hands, faces, multiple products, cluttered background, props, distorted geometry, extra parts, cartoon, illustration, CGI look, blur, low resolution;текст, буквы, цифры, логотип, бренд, заводская маркировка, водяной знак, этикетка с надписями, люди, руки, лица, несколько предметов, захламленный фон, реквизит, искаженная геометрия, лишние детали, мультяшный стиль, иллюстрация, вид 3D-рендера, размытие, низкое разрешение;генерация;"Генерация по промпту; за основу — готовый снимок кадра F00860 (тот же ракурс, свет, фон), меняется только отличие подкадра.";photos/F00860-a.webp
F00860-b;F00860;2;4743;Высоковольтное оборудование;Ограничитель;ограничитель;тип — не указан;ограничитель;;;;свой снимок;34;"Фотореалистичная предметная фотография для каталога. Подкадр F00860-b (34 из 151 позиций кадра F00860). Отличие от соседних подкадров: тип — не указан. Что в кадре: ограничитель. Как выглядит: ограничитель: ограничитель перенапряжения — цилиндрический корпус с ребрами и выводами, либо модуль на DIN-рейку. По данным позиций кадра: материал — полимер; тип — ограничитель перенапряжения. Ракурс и композиция: 3/4 немного сверху, изделие целиком по центру, занимает около 70 % кадра. Фон: светлый нейтральный бесшовный #F4F6F9 без текстуры и горизонта. Свет: мягкий студийный из большого софтбокса, мягкая тень под предметом, резкость по всему предмету. Не должно быть: чужих логотипов, названий заводов и брендов, водяных знаков, надписей и любого текста, людей и рук, лишних предметов. Итог: квадрат 1200×1200 px, WebP.";Photorealistic catalog product photo. Limiter. Surge arrester, ribbed cylindrical body with terminals or DIN-rail module. Material: polymer. Three-quarter view from slightly above, whole item centred, filling about 70% of the frame. Plain seamless light neutral background #F4F6F9, no texture, no horizon line. Soft large-softbox studio lighting, soft contact shadow underneath, sharp focus across the whole item, photorealistic e-commerce catalog product photo, high detail, 85mm lens look, square 1:1, 1200x1200.;text, letters, numbers, logo, brand name, manufacturer marking, watermark, printed label, people, hands, faces, multiple products, cluttered background, props, distorted geometry, extra parts, cartoon, illustration, CGI look, blur, low resolution;текст, буквы, цифры, логотип, бренд, заводская маркировка, водяной знак, этикетка с надписями, люди, руки, лица, несколько предметов, захламленный фон, реквизит, искаженная геометрия, лишние детали, мультяшный стиль, иллюстрация, вид 3D-рендера, размытие, низкое разрешение;генерация;"Генерация по промпту; за основу — готовый снимок кадра F00860 (тот же ракурс, свет, фон), меняется только отличие подкадра.";photos/F00860-b.webp
F00864-a;F00864;1;1076;Высоковольтное оборудование;Опора шинная;опора шинная;материал — фарфор;опора шинная;фарфор;;;свой снимок;132;"Фотореалистичная предметная фотография для каталога. Подкадр F00864-a (132 из 150 позиций кадра F00864). Отличие от соседних подкадров: материал — фарфор. Что в кадре: опора шинная, фарфор. Как выглядит: опора: металлическая или железобетонная стойка/конструкция. По данным позиций кадра: материал — фарфор; тип — шинная опора. Ракурс и композиция: 3/4 немного сверху, изделие целиком по центру, занимает около 70 % кадра. Фон: светлый нейтральный бесшовный #F4F6F9 без текстуры и горизонта. Свет: мягкий студийный из большого софтбокса, мягкая тень под предметом, резкость по всему предмету. Не должно быть: чужих логотипов, названий заводов и брендов, водяных знаков, надписей и любого текста, людей и рук, лишних предметов. Итог: квадрат 1200×1200 px, WebP.";"Photorealistic catalog product photo. Distinctive for this variant: material porcelain. Busbar pole. Pole or support structure, metal or concrete. Material: porcelain; type: busbar pole. Three-quarter view from slightly above, whole item centred, filling about 70% of the frame. Plain seamless light neutral background #F4F6F9, no texture, no horizon line. Soft large-softbox studio lighting, soft contact shadow underneath, sharp focus across the whole item, photorealistic e-commerce catalog product photo, high detail, 85mm lens look, square 1:1, 1200x1200.";text, letters, numbers, logo, brand name, manufacturer marking, watermark, printed label, people, hands, faces, multiple products, cluttered background, props, distorted geometry, extra parts, cartoon, illustration, CGI look, blur, low resolution;текст, буквы, цифры, логотип, бренд, заводская маркировка, водяной знак, этикетка с надписями, люди, руки, лица, несколько предметов, захламленный фон, реквизит, искаженная геометрия, лишние детали, мультяшный стиль, иллюстрация, вид 3D-рендера, размытие, низкое разрешение;генерация;"Генерация по промпту; за основу — готовый снимок кадра F00864 (тот же ракурс, свет, фон), меняется только отличие подкадра.";photos/F00864-a.webp
F00864-b;F00864;3;8916;Высоковольтное оборудование;Опора шинная;опора шинная;материал — не указан;опора шинная;;;;свой снимок;18;"Фотореалистичная предметная фотография для каталога. Подкадр F00864-b (18 из 150 позиций кадра F00864). Отличие от соседних подкадров: материал — не указан. Что в кадре: опора шинная. Как выглядит: опора: металлическая или железобетонная стойка/конструкция. По данным позиций кадра: материал — полимер; тип — шинная опора. Ракурс и композиция: 3/4 немного сверху, изделие целиком по центру, занимает около 70 % кадра. Фон: светлый нейтральный бесшовный #F4F6F9 без текстуры и горизонта. Свет: мягкий студийный из большого софтбокса, мягкая тень под предметом, резкость по всему предмету. Не должно быть: чужих логотипов, названий заводов и брендов, водяных знаков, надписей и любого текста, людей и рук, лишних предметов. Итог: квадрат 1200×1200 px, WebP.";"Photorealistic catalog product photo. Busbar pole. Pole or support structure, metal or concrete. Material: polymer; type: busbar pole. Three-quarter view from slightly above, whole item centred, filling about 70% of the frame. Plain seamless light neutral background #F4F6F9, no texture, no horizon line. Soft large-softbox studio lighting, soft contact shadow underneath, sharp focus across the whole item, photorealistic e-commerce catalog product photo, high detail, 85mm lens look, square 1:1, 1200x1200.";text, letters, numbers, logo, brand name, manufacturer marking, watermark, printed label, people, hands, faces, multiple products, cluttered background, props, distorted geometry, extra parts, cartoon, illustration, CGI look, blur, low resolution;текст, буквы, цифры, логотип, бренд, заводская маркировка, водяной знак, этикетка с надписями, люди, руки, лица, несколько предметов, захламленный фон, реквизит, искаженная геометрия, лишние детали, мультяшный стиль, иллюстрация, вид 3D-рендера, размытие, низкое разрешение;генерация;"Генерация по промпту; за основу — готовый снимок кадра F00864 (тот же ракурс, свет, фон), меняется только отличие подкадра.";photos/F00864-b.webp
F00919-a;F00919;1;1266;Высоковольтное оборудование;Патрон;патрон;материал — фарфор;патрон;фарфор;;;свой снимок;113;"Фотореалистичная предметная фотография для каталога. Подкадр F00919-a (113 из 139 позиций кадра F00919). Отличие от соседних подкадров: материал — фарфор. Что в кадре: патрон, фарфор. Как выглядит: патрон: держатель лампы из пластика, керамики или карболита с резьбовой гильзой. По данным позиций кадра: материал — фарфор; тип — патрон, предохранитель. Масштаб: масса около 1,9 кг (медиана по позициям). Ракурс и композиция: 3/4 немного сверху, изделие целиком по центру, занимает около 70 % кадра. Фон: светлый нейтральный бесшовный #F4F6F9 без текстуры и горизонта. Свет: мягкий студийный из большого софтбокса, мягкая тень под предметом, резкость по всему предмету. Не должно быть: чужих логотипов, названий заводов и брендов, водяных знаков, надписей и любого текста, людей и рук, лишних предметов. Итог: квадрат 1200×1200 px, WebP.";"Photorealistic catalog product photo. Distinctive for this variant: material porcelain. Chuck. Lamp holder made of plastic, ceramic or bakelite with a threaded sleeve. Material: porcelain; type: chuck fuse. Scale: weight about 1.9 kg. Three-quarter view from slightly above, whole item centred, filling about 70% of the frame. Plain seamless light neutral background #F4F6F9, no texture, no horizon line. Soft large-softbox studio lighting, soft contact shadow underneath, sharp focus across the whole item, photorealistic e-commerce catalog product photo, high detail, 85mm lens look, square 1:1, 1200x1200.";text, letters, numbers, logo, brand name, manufacturer marking, watermark, printed label, people, hands, faces, multiple products, cluttered background, props, distorted geometry, extra parts, cartoon, illustration, CGI look, blur, low resolution;текст, буквы, цифры, логотип, бренд, заводская маркировка, водяной знак, этикетка с надписями, люди, руки, лица, несколько предметов, захламленный фон, реквизит, искаженная геометрия, лишние детали, мультяшный стиль, иллюстрация, вид 3D-рендера, размытие, низкое разрешение;генерация;"Генерация по промпту; за основу — готовый снимок кадра F00919 (тот же ракурс, свет, фон), меняется только отличие подкадра.";photos/F00919-a.webp
F00919-b;F00919;2;6485;Высоковольтное оборудование;Патрон;патрон;"тип — патрон, предохранитель; материал — фарфор";патрон;фарфор;патрон, предохранитель;;свой снимок;25;"Фотореалистичная предметная фотография для каталога. Подкадр F00919-b (25 из 139 позиций кадра F00919). Отличие от соседних подкадров: тип — патрон, предохранитель; материал — фарфор. Что в кадре: патрон, предохранитель, фарфор. Как выглядит: патрон: держатель лампы из пластика, керамики или карболита с резьбовой гильзой. По данным позиций кадра: материал — фарфор; тип — патрон, предохранитель. Масштаб: масса около 2,8 кг (медиана по позициям). Ракурс и композиция: 3/4 немного сверху, изделие целиком по центру, занимает около 70 % кадра. Фон: светлый нейтральный бесшовный #F4F6F9 без текстуры и горизонта. Свет: мягкий студийный из большого софтбокса, мягкая тень под предметом, резкость по всему предмету. Не должно быть: чужих логотипов, названий заводов и брендов, водяных знаков, надписей и любого текста, людей и рук, лишних предметов. Итог: квадрат 1200×1200 px, WebP.";"Photorealistic catalog product photo. Distinctive for this variant: type chuck fuse; material porcelain. Chuck. Lamp holder made of plastic, ceramic or bakelite with a threaded sleeve. Material: porcelain; type: chuck fuse. Scale: weight about 2.8 kg. Three-quarter view from slightly above, whole item centred, filling about 70% of the frame. Plain seamless light neutral background #F4F6F9, no texture, no horizon line. Soft large-softbox studio lighting, soft contact shadow underneath, sharp focus across the whole item, photorealistic e-commerce catalog product photo, high detail, 85mm lens look, square 1:1, 1200x1200.";text, letters, numbers, logo, brand name, manufacturer marking, watermark, printed label, people, hands, faces, multiple products, cluttered background, props, distorted geometry, extra parts, cartoon, illustration, CGI look, blur, low resolution;текст, буквы, цифры, логотип, бренд, заводская маркировка, водяной знак, этикетка с надписями, люди, руки, лица, несколько предметов, захламленный фон, реквизит, искаженная геометрия, лишние детали, мультяшный стиль, иллюстрация, вид 3D-рендера, размытие, низкое разрешение;генерация;"Генерация по промпту; за основу — готовый снимок кадра F00919 (тот же ракурс, свет, фон), меняется только отличие подкадра.";photos/F00919-b.webp
F00919-c;F00919;5;28764;Высоковольтное оборудование;Патрон;патрон;прочие позиции кадра;;;;;прочие позиции кадра — снимок кадра;1;"Фотореалистичная предметная фотография для каталога. Подкадр F00919-c — прочие позиции кадра F00919 (1 из 139), у которых нет общего заметного отличия от остальных 2 подкадров кадра; снимок как у кадра F00919. Что в кадре: патрон, габариты до 25 мм (мельче монеты). Как выглядит: патрон: держатель лампы из пластика, керамики или карболита с резьбовой гильзой. По данным позиций кадра: тип — патрон. Масштаб: габариты около 0,2×0,1 мм (медиана по позициям) — мелкая деталь — меньше монеты. Ракурс и композиция: 3/4 немного сверху, изделие целиком по центру, занимает около 70 % кадра. Фон: светлый нейтральный бесшовный #F4F6F9 без текстуры и горизонта. Свет: мягкий студийный из большого софтбокса, мягкая тень под предметом, резкость по всему предмету. Не должно быть: чужих логотипов, названий заводов и брендов, водяных знаков, надписей и любого текста, людей и рук, лишних предметов. Итог: квадрат 1200×1200 px, WebP.";Photorealistic catalog product photo. Chuck. Lamp holder made of plastic, ceramic or bakelite with a threaded sleeve. Type: chuck. Scale: about 0.2 x 0.1 mm, small part, smaller than a coin. Three-quarter view from slightly above, whole item centred, filling about 70% of the frame. Plain seamless light neutral background #F4F6F9, no texture, no horizon line. Soft large-softbox studio lighting, soft contact shadow underneath, sharp focus across the whole item, photorealistic e-commerce catalog product photo, high detail, 85mm lens look, square 1:1, 1200x1200.;text, letters, numbers, logo, brand name, manufacturer marking, watermark, printed label, people, hands, faces, multiple products, cluttered background, props, distorted geometry, extra parts, cartoon, illustration, CGI look, blur, low resolution;текст, буквы, цифры, логотип, бренд, заводская маркировка, водяной знак, этикетка с надписями, люди, руки, лица, несколько предметов, захламленный фон, реквизит, искаженная геометрия, лишние детали, мультяшный стиль, иллюстрация, вид 3D-рендера, размытие, низкое разрешение;снимок кадра;Отдельный снимок не нужен: на эти позиции встает снимок кадра F00919 (файл photos/F00919.webp).;— (используется photos/F00919.webp)
F00948-a;F00948;1;1041;Высоковольтное оборудование;Разъединитель;разъединитель;весь кадр;;;;;весь кадр — снимок кадра;135;"Фотореалистичная предметная фотография для каталога. Подкадр F00948-a — весь кадр F00948 (135 поз.): позиций мало или на фото они одинаковы. Что в кадре: разъединитель. Как выглядит: разъединитель: изоляторы на раме с подвижными ножами-контактами и приводом. По данным позиций кадра: тип — разъединитель; исполнение — трехполюсный (66 %). Масштаб: масса около 10,2 кг (медиана по позициям). Ракурс и композиция: 3/4 немного сверху, изделие целиком по центру, занимает около 70 % кадра. Фон: светлый нейтральный бесшовный #F4F6F9 без текстуры и горизонта. Свет: мягкий студийный из большого софтбокса, мягкая тень под предметом, резкость по всему предмету. Не должно быть: чужих логотипов, названий заводов и брендов, водяных знаков, надписей и любого текста, людей и рук, лишних предметов. Итог: квадрат 1200×1200 px, WebP.";Photorealistic catalog product photo. Disconnector. Disconnector with insulators on a frame, moving blades and operating rod. Type: disconnector. Scale: weight about 10.2 kg. Three-quarter view from slightly above, whole item centred, filling about 70% of the frame. Plain seamless light neutral background #F4F6F9, no texture, no horizon line. Soft large-softbox studio lighting, soft contact shadow underneath, sharp focus across the whole item, photorealistic e-commerce catalog product photo, high detail, 85mm lens look, square 1:1, 1200x1200.;text, letters, numbers, logo, brand name, manufacturer marking, watermark, printed label, people, hands, faces, multiple products, cluttered background, props, distorted geometry, extra parts, cartoon, illustration, CGI look, blur, low resolution;текст, буквы, цифры, логотип, бренд, заводская маркировка, водяной знак, этикетка с надписями, люди, руки, лица, несколько предметов, захламленный фон, реквизит, искаженная геометрия, лишние детали, мультяшный стиль, иллюстрация, вид 3D-рендера, размытие, низкое разрешение;снимок кадра;Отдельный снимок не нужен: на эти позиции встает снимок кадра F00948 (файл photos/F00948.webp).;— (используется photos/F00948.webp)
F01038-a;F01038;2;2251;Высоковольтное оборудование;Предохранитель;предохранитель;габариты 450–1100 мм (до метра);предохранитель;;;450–1100 мм (до метра);свой снимок;67;Фотореалистичная предметная фотография для каталога. Подкадр F01038-a (67 из 121 позиций кадра F01038). Отличие от соседних подкадров: габариты 450–1100 мм (до метра). Что в кадре: предохранитель, габариты 450–1100 мм (до метра). Как выглядит: предохранитель: керамическая или стеклянная вставка с металлическими контактами-ножами или колпачками. По данным позиций кадра: тип — предохранитель. Масштаб: габариты около 550×246 мм (медиана по позициям) — крупное изделие, до метра. Ракурс и композиция: 3/4 немного сверху, изделие целиком по центру, занимает около 70 % кадра. Фон: светлый нейтральный бесшовный #F4F6F9 без текстуры и горизонта. Свет: мягкий студийный из большого софтбокса, мягкая тень под предметом, резкость по всему предмету. Не должно быть: чужих логотипов, названий заводов и брендов, водяных знаков, надписей и любого текста, людей и рук, лишних предметов. Итог: квадрат 1200×1200 px, WebP.;Photorealistic catalog product photo. Distinctive for this variant: 450-1100 mm, up to one metre. Fuse. Fuse link, ceramic or glass body with metal blade or cap contacts. Type: fuse. Scale: about 550 x 246 mm, large item, up to one metre. Three-quarter view from slightly above, whole item centred, filling about 70% of the frame. Plain seamless light neutral background #F4F6F9, no texture, no horizon line. Soft large-softbox studio lighting, soft contact shadow underneath, sharp focus across the whole item, photorealistic e-commerce catalog product photo, high detail, 85mm lens look, square 1:1, 1200x1200.;text, letters, numbers, logo, brand name, manufacturer marking, watermark, printed label, people, hands, faces, multiple products, cluttered background, props, distorted geometry, extra parts, cartoon, illustration, CGI look, blur, low resolution;текст, буквы, цифры, логотип, бренд, заводская маркировка, водяной знак, этикетка с надписями, люди, руки, лица, несколько предметов, захламленный фон, реквизит, искаженная геометрия, лишние детали, мультяшный стиль, иллюстрация, вид 3D-рендера, размытие, низкое разрешение;генерация;"Генерация по промпту; за основу — готовый снимок кадра F01038 (тот же ракурс, свет, фон), меняется только отличие подкадра.";photos/F01038-a.webp
F01038-b;F01038;2;2876;Высоковольтное оборудование;Предохранитель;предохранитель;габариты 130–450 мм (с обувную коробку);предохранитель;;;130–450 мм (с обувную коробку);свой снимок;54;Фотореалистичная предметная фотография для каталога. Подкадр F01038-b (54 из 121 позиций кадра F01038). Отличие от соседних подкадров: габариты 130–450 мм (с обувную коробку). Что в кадре: предохранитель, габариты 130–450 мм (с обувную коробку). Как выглядит: предохранитель: керамическая или стеклянная вставка с металлическими контактами-ножами или колпачками. По данным позиций кадра: тип — предохранитель. Масштаб: габариты около 420×176 мм (медиана по позициям) — размером примерно с обувную коробку. Ракурс и композиция: 3/4 немного сверху, изделие целиком по центру, занимает около 70 % кадра. Фон: светлый нейтральный бесшовный #F4F6F9 без текстуры и горизонта. Свет: мягкий студийный из большого софтбокса, мягкая тень под предметом, резкость по всему предмету. Не должно быть: чужих логотипов, названий заводов и брендов, водяных знаков, надписей и любого текста, людей и рук, лишних предметов. Итог: квадрат 1200×1200 px, WebP.;Photorealistic catalog product photo. Distinctive for this variant: 130-450 mm, shoebox size. Fuse. Fuse link, ceramic or glass body with metal blade or cap contacts. Type: fuse. Scale: about 420 x 176 mm, about shoebox size. Three-quarter view from slightly above, whole item centred, filling about 70% of the frame. Plain seamless light neutral background #F4F6F9, no texture, no horizon line. Soft large-softbox studio lighting, soft contact shadow underneath, sharp focus across the whole item, photorealistic e-commerce catalog product photo, high detail, 85mm lens look, square 1:1, 1200x1200.;text, letters, numbers, logo, brand name, manufacturer marking, watermark, printed label, people, hands, faces, multiple products, cluttered background, props, distorted geometry, extra parts, cartoon, illustration, CGI look, blur, low resolution;текст, буквы, цифры, логотип, бренд, заводская маркировка, водяной знак, этикетка с надписями, люди, руки, лица, несколько предметов, захламленный фон, реквизит, искаженная геометрия, лишние детали, мультяшный стиль, иллюстрация, вид 3D-рендера, размытие, низкое разрешение;генерация;"Генерация по промпту; за основу — готовый снимок кадра F01038 (тот же ракурс, свет, фон), меняется только отличие подкадра.";photos/F01038-b.webp
F02280-a;F02280;2;3173;Высоковольтное оборудование;Выключатель;выключатель;весь кадр;;;;;весь кадр — снимок кадра;49;"Фотореалистичная предметная фотография для каталога. Подкадр F02280-a — весь кадр F02280 (49 поз.): позиций мало или на фото они одинаковы. Что в кадре: выключатель. Как выглядит: выключатель — пластиковый или металлический корпус с рычагом/клавишей управления и винтовыми клеммами; для силовых — крупный корпус с поворотной рукояткой. По данным позиций кадра: тип — выключатель нагрузки; исполнение — с ножом заземления, с предохранителями (52 %). Масштаб: масса около 44,6 кг (медиана по позициям). Ракурс и композиция: 3/4 немного сверху, изделие целиком по центру, занимает около 70 % кадра. Фон: светлый нейтральный бесшовный #F4F6F9 без текстуры и горизонта. Свет: мягкий студийный из большого софтбокса, мягкая тень под предметом, резкость по всему предмету. Не должно быть: чужих логотипов, названий заводов и брендов, водяных знаков, надписей и любого текста, людей и рук, лишних предметов. Итог: квадрат 1200×1200 px, WebP.";Photorealistic catalog product photo. Switch. Switch unit, plastic or metal housing with an operating lever or rocker and screw terminals. Type: switch load. Scale: weight about 44.6 kg. Three-quarter view from slightly above, whole item centred, filling about 70% of the frame. Plain seamless light neutral background #F4F6F9, no texture, no horizon line. Soft large-softbox studio lighting, soft contact shadow underneath, sharp focus across the whole item, photorealistic e-commerce catalog product photo, high detail, 85mm lens look, square 1:1, 1200x1200.;text, letters, numbers, logo, brand name, manufacturer marking, watermark, printed label, people, hands, faces, multiple products, cluttered background, props, distorted geometry, extra parts, cartoon, illustration, CGI look, blur, low resolution;текст, буквы, цифры, логотип, бренд, заводская маркировка, водяной знак, этикетка с надписями, люди, руки, лица, несколько предметов, захламленный фон, реквизит, искаженная геометрия, лишние детали, мультяшный стиль, иллюстрация, вид 3D-рендера, размытие, низкое разрешение;снимок кадра;Отдельный снимок не нужен: на эти позиции встает снимок кадра F02280 (файл photos/F02280.webp).;— (используется photos/F02280.webp)
F02585-a;F02585;2;3809;Высоковольтное оборудование;Привод;привод;весь кадр;;;;;весь кадр — снимок кадра;42;Фотореалистичная предметная фотография для каталога. Подкадр F02585-a — весь кадр F02585 (42 поз.): позиций мало или на фото они одинаковы. Что в кадре: привод. Как выглядит: привод: моторный или ручной привод к выключателю — блок с рукояткой или мотор-редуктором. По данным позиций кадра: тип — привод. Ракурс и композиция: 3/4 немного сверху, изделие целиком по центру, занимает около 70 % кадра. Фон: светлый нейтральный бесшовный #F4F6F9 без текстуры и горизонта. Свет: мягкий студийный из большого софтбокса, мягкая тень под предметом, резкость по всему предмету. Не должно быть: чужих логотипов, названий заводов и брендов, водяных знаков, надписей и любого текста, людей и рук, лишних предметов. Итог: квадрат 1200×1200 px, WebP.;Photorealistic catalog product photo. Actuator. Motor or handle operator for a breaker, housing with handle or gear motor. Type: actuator. Three-quarter view from slightly above, whole item centred, filling about 70% of the frame. Plain seamless light neutral background #F4F6F9, no texture, no horizon line. Soft large-softbox studio lighting, soft contact shadow underneath, sharp focus across the whole item, photorealistic e-commerce catalog product photo, high detail, 85mm lens look, square 1:1, 1200x1200.;text, letters, numbers, logo, brand name, manufacturer marking, watermark, printed label, people, hands, faces, multiple products, cluttered background, props, distorted geometry, extra parts, cartoon, illustration, CGI look, blur, low resolution;текст, буквы, цифры, логотип, бренд, заводская маркировка, водяной знак, этикетка с надписями, люди, руки, лица, несколько предметов, захламленный фон, реквизит, искаженная геометрия, лишние детали, мультяшный стиль, иллюстрация, вид 3D-рендера, размытие, низкое разрешение;снимок кадра;Отдельный снимок не нужен: на эти позиции встает снимок кадра F02585 (файл photos/F02585.webp).;— (используется photos/F02585.webp)
F02921-a;F02921;2;7140;Высоковольтное оборудование;Разрядник;разрядник;материал — фарфор;разрядник;фарфор;;;свой снимок;23;"Фотореалистичная предметная фотография для каталога. Подкадр F02921-a (23 из 29 позиций кадра F02921). Отличие от соседних подкадров: материал — фарфор. Что в кадре: разрядник, фарфор. Как выглядит: разрядник в типичном для этого вида исполнении (группа «Разрядники»); форму, пропорции и детали — как у типичного изделия этого вида. По данным позиций кадра: материал — фарфор; тип — разрядник; исполнение — опорный (52 %). Масштаб: масса около 49 кг (медиана по позициям). Ракурс и композиция: 3/4 немного сверху, изделие целиком по центру, занимает около 70 % кадра. Фон: светлый нейтральный бесшовный #F4F6F9 без текстуры и горизонта. Свет: мягкий студийный из большого софтбокса, мягкая тень под предметом, резкость по всему предмету. Не должно быть: чужих логотипов, названий заводов и брендов, водяных знаков, надписей и любого текста, людей и рук, лишних предметов. Итог: квадрат 1200×1200 px, WebP.";"Photorealistic catalog product photo. Distinctive for this variant: material porcelain. Surge arrester. Surge arrester in its typical standard design. Material: porcelain; type: surge arrester; version: support. Scale: weight about 49 kg. Three-quarter view from slightly above, whole item centred, filling about 70% of the frame. Plain seamless light neutral background #F4F6F9, no texture, no horizon line. Soft large-softbox studio lighting, soft contact shadow underneath, sharp focus across the whole item, photorealistic e-commerce catalog product photo, high detail, 85mm lens look, square 1:1, 1200x1200.";text, letters, numbers, logo, brand name, manufacturer marking, watermark, printed label, people, hands, faces, multiple products, cluttered background, props, distorted geometry, extra parts, cartoon, illustration, CGI look, blur, low resolution;текст, буквы, цифры, логотип, бренд, заводская маркировка, водяной знак, этикетка с надписями, люди, руки, лица, несколько предметов, захламленный фон, реквизит, искаженная геометрия, лишние детали, мультяшный стиль, иллюстрация, вид 3D-рендера, размытие, низкое разрешение;генерация;"Генерация по промпту; за основу — готовый снимок кадра F02921 (тот же ракурс, свет, фон), меняется только отличие подкадра.";photos/F02921-a.webp
F02921-b;F02921;4;24468;Высоковольтное оборудование;Разрядник;разрядник;у позиций разные: тип, материал;разрядник;;;;свой снимок;6;"Фотореалистичная предметная фотография для каталога. Подкадр F02921-b (6 из 29 позиций кадра F02921). Отличие от соседних подкадров: у позиций разные: тип, материал. Что в кадре: разрядник. Как выглядит: разрядник в типичном для этого вида исполнении (группа «Разрядники»); форму, пропорции и детали — как у типичного изделия этого вида. По данным позиций кадра: материал — пластмасса; тип — разрядник; исполнение — подвесной. Масштаб: масса около 0,8 кг (медиана по позициям). Ракурс и композиция: 3/4 немного сверху, изделие целиком по центру, занимает около 70 % кадра. Фон: светлый нейтральный бесшовный #F4F6F9 без текстуры и горизонта. Свет: мягкий студийный из большого софтбокса, мягкая тень под предметом, резкость по всему предмету. Не должно быть: чужих логотипов, названий заводов и брендов, водяных знаков, надписей и любого текста, людей и рук, лишних предметов. Итог: квадрат 1200×1200 px, WebP.";"Photorealistic catalog product photo. Surge arrester. Surge arrester in its typical standard design. Material: plastic; type: surge arrester; version: pendant. Scale: weight about 0.8 kg. Three-quarter view from slightly above, whole item centred, filling about 70% of the frame. Plain seamless light neutral background #F4F6F9, no texture, no horizon line. Soft large-softbox studio lighting, soft contact shadow underneath, sharp focus across the whole item, photorealistic e-commerce catalog product photo, high detail, 85mm lens look, square 1:1, 1200x1200.";text, letters, numbers, logo, brand name, manufacturer marking, watermark, printed label, people, hands, faces, multiple products, cluttered background, props, distorted geometry, extra parts, cartoon, illustration, CGI look, blur, low resolution;текст, буквы, цифры, логотип, бренд, заводская маркировка, водяной знак, этикетка с надписями, люди, руки, лица, несколько предметов, захламленный фон, реквизит, искаженная геометрия, лишние детали, мультяшный стиль, иллюстрация, вид 3D-рендера, размытие, низкое разрешение;генерация;"Генерация по промпту; за основу — готовый снимок кадра F02921 (тот же ракурс, свет, фон), меняется только отличие подкадра.";photos/F02921-b.webp
F03839-a;F03839;4;24745;Высоковольтное оборудование;"Заземлитель (самое частое в группе); группа «Оборудование на 110 кВ»";изделия группы «Оборудование на 110 кВ»;весь кадр;;;;;весь кадр — снимок кадра;6;Фотореалистичная предметная фотография для каталога. Подкадр F03839-a — весь кадр F03839 (6 поз.): позиций мало или на фото они одинаковы. Что в кадре: типичное изделие группы «Оборудование на 110 кВ» — заземлитель (самое частое в группе). Как выглядит: заземлитель: стальной омедненный или оцинкованный стержень с резьбой и муфтой. По данным позиций кадра: тип — заземлитель. Ракурс и композиция: 3/4 немного сверху, изделие целиком по центру, занимает около 70 % кадра. Фон: светлый нейтральный бесшовный #F4F6F9 без текстуры и горизонта. Свет: мягкий студийный из большого софтбокса, мягкая тень под предметом, резкость по всему предмету. Не должно быть: чужих логотипов, названий заводов и брендов, водяных знаков, надписей и любого текста, людей и рук, лишних предметов. Итог: квадрат 1200×1200 px, WebP.;Photorealistic catalog product photo. Typical product: earthing switch. Earth rod, copper-plated or galvanised steel with thread and coupler. Type: earthing switch. Three-quarter view from slightly above, whole item centred, filling about 70% of the frame. Plain seamless light neutral background #F4F6F9, no texture, no horizon line. Soft large-softbox studio lighting, soft contact shadow underneath, sharp focus across the whole item, photorealistic e-commerce catalog product photo, high detail, 85mm lens look, square 1:1, 1200x1200.;text, letters, numbers, logo, brand name, manufacturer marking, watermark, printed label, people, hands, faces, multiple products, cluttered background, props, distorted geometry, extra parts, cartoon, illustration, CGI look, blur, low resolution;текст, буквы, цифры, логотип, бренд, заводская маркировка, водяной знак, этикетка с надписями, люди, руки, лица, несколько предметов, захламленный фон, реквизит, искаженная геометрия, лишние детали, мультяшный стиль, иллюстрация, вид 3D-рендера, размытие, низкое разрешение;снимок кадра;Отдельный снимок не нужен: на эти позиции встает снимок кадра F03839 (файл photos/F03839.webp).;— (используется photos/F03839.webp)
