Код подкадра;Кадр (parent);Приоритет;Ранг;Раздел;Группа кадра (что на фото);Вид изделия;Отличие подкадра;вид изделия;тип;материал;Тип подкадра;Позиций;Описание RU;Промпт EN;Негатив EN;Негатив RU;Метод;Как сделать;Имя файла
F00237-a;F00237;1;378;Цепи;Цепь приводная;цепь приводная;"тип — роликовая; материал — сталь";цепь приводная;роликовая;сталь;свой снимок;328;"Фотореалистичная предметная фотография для каталога. Подкадр F00237-a (328 из 564 позиций кадра F00237). Отличие от соседних подкадров: тип — роликовая; материал — сталь. Что в кадре: цепь приводная, роликовая, сталь. Как выглядит: приводная роликовая цепь: стальные пластины, валики и ролики, отрезок уложен плавной дугой, металл с масляным блеском. По данным позиций кадра: материал — сталь; конструкция — роликовая; исполнение — высокопрочная, повышенная точность (68 %). Ракурс и композиция: 3/4 немного сверху, изделие целиком по центру, занимает около 70 % кадра; отрезок цепи уложен плавной S-образной дугой. Фон: светлый нейтральный бесшовный #F4F6F9 без текстуры и горизонта. Свет: мягкий студийный из большого софтбокса, мягкая тень под предметом, резкость по всему предмету. Не должно быть: чужих логотипов, названий заводов и брендов, водяных знаков, надписей и любого текста, людей и рук, лишних предметов. Итог: квадрат 1200×1200 px, WebP.";"Photorealistic catalog product photo. Distinctive for this variant: type roller; material steel. Roller drive chain. Roller chain, steel plates, pins and rollers, a length laid in a gentle curve, oily metal sheen. Material: steel; design: roller. Three-quarter view from slightly above, whole item centred, filling about 70% of the frame; chain length laid in a gentle S-curve. Plain seamless light neutral background #F4F6F9, no texture, no horizon line. Soft large-softbox studio lighting, soft contact shadow underneath, sharp focus across the whole item, photorealistic e-commerce catalog product photo, high detail, 85mm lens look, square 1:1, 1200x1200.";broken links, rust, sprockets, text, letters, numbers, logo, brand name, manufacturer marking, watermark, printed label, people, hands, faces, multiple products, cluttered background, props, distorted geometry, extra parts, cartoon, illustration, CGI look, blur, low resolution;разорванные звенья, ржавчина, звездочки, текст, буквы, цифры, логотип, бренд, заводская маркировка, водяной знак, этикетка с надписями, люди, руки, лица, несколько предметов, захламленный фон, реквизит, искаженная геометрия, лишние детали, мультяшный стиль, иллюстрация, вид 3D-рендера, размытие, низкое разрешение;генерация;"Генерация по промпту; за основу — готовый снимок кадра F00237 (тот же ракурс, свет, фон), меняется только отличие подкадра.";photos/F00237-a.webp
F00237-b;F00237;2;1376;Цепи;Цепь приводная;цепь приводная;"тип — роликовая; материал — нержавеющая сталь";цепь приводная;роликовая;нержавеющая сталь;свой снимок;104;"Фотореалистичная предметная фотография для каталога. Подкадр F00237-b (104 из 564 позиций кадра F00237). Отличие от соседних подкадров: тип — роликовая; материал — нержавеющая сталь. Что в кадре: цепь приводная, роликовая, нержавеющая сталь. Как выглядит: приводная роликовая цепь: стальные пластины, валики и ролики, отрезок уложен плавной дугой, металл с масляным блеском. По данным позиций кадра: материал — нержавеющая сталь, сталь; рядность — однорядная (56 %); конструкция — роликовая; исполнение — с прямым контуром пластин (41 %). Ракурс и композиция: 3/4 немного сверху, изделие целиком по центру, занимает около 70 % кадра; отрезок цепи уложен плавной S-образной дугой. Фон: светлый нейтральный бесшовный #F4F6F9 без текстуры и горизонта. Свет: мягкий студийный из большого софтбокса, мягкая тень под предметом, резкость по всему предмету. Не должно быть: чужих логотипов, названий заводов и брендов, водяных знаков, надписей и любого текста, людей и рук, лишних предметов. Итог: квадрат 1200×1200 px, WebP.";"Photorealistic catalog product photo. Distinctive for this variant: type roller; material stainless steel. Roller drive chain. Roller chain, steel plates, pins and rollers, a length laid in a gentle curve, oily metal sheen. Material: stainless steel; design: roller. Three-quarter view from slightly above, whole item centred, filling about 70% of the frame; chain length laid in a gentle S-curve. Plain seamless light neutral background #F4F6F9, no texture, no horizon line. Soft large-softbox studio lighting, soft contact shadow underneath, sharp focus across the whole item, photorealistic e-commerce catalog product photo, high detail, 85mm lens look, square 1:1, 1200x1200.";broken links, rust, sprockets, text, letters, numbers, logo, brand name, manufacturer marking, watermark, printed label, people, hands, faces, multiple products, cluttered background, props, distorted geometry, extra parts, cartoon, illustration, CGI look, blur, low resolution;разорванные звенья, ржавчина, звездочки, текст, буквы, цифры, логотип, бренд, заводская маркировка, водяной знак, этикетка с надписями, люди, руки, лица, несколько предметов, захламленный фон, реквизит, искаженная геометрия, лишние детали, мультяшный стиль, иллюстрация, вид 3D-рендера, размытие, низкое разрешение;генерация;"Генерация по промпту; за основу — готовый снимок кадра F00237 (тот же ракурс, свет, фон), меняется только отличие подкадра.";photos/F00237-b.webp
F00237-c;F00237;2;2320;Цепи;Цепь приводная;цепь приводная;"тип — втулочная, роликовая; материал — сталь";цепь приводная;втулочная, роликовая;сталь;свой снимок;65;"Фотореалистичная предметная фотография для каталога. Подкадр F00237-c (65 из 564 позиций кадра F00237). Отличие от соседних подкадров: тип — втулочная, роликовая; материал — сталь. Что в кадре: цепь приводная, втулочная, роликовая, сталь. Как выглядит: приводная роликовая цепь: стальные пластины, валики и ролики, отрезок уложен плавной дугой, металл с масляным блеском. По данным позиций кадра: материал — сталь (85 %); рядность — однорядная (55 %); конструкция — втулочная, роликовая. Ракурс и композиция: 3/4 немного сверху, изделие целиком по центру, занимает около 70 % кадра; отрезок цепи уложен плавной S-образной дугой. Фон: светлый нейтральный бесшовный #F4F6F9 без текстуры и горизонта. Свет: мягкий студийный из большого софтбокса, мягкая тень под предметом, резкость по всему предмету. Не должно быть: чужих логотипов, названий заводов и брендов, водяных знаков, надписей и любого текста, людей и рук, лишних предметов. Итог: квадрат 1200×1200 px, WebP.";"Photorealistic catalog product photo. Distinctive for this variant: material steel. Roller drive chain. Roller chain, steel plates, pins and rollers, a length laid in a gentle curve, oily metal sheen. Material: steel. Three-quarter view from slightly above, whole item centred, filling about 70% of the frame; chain length laid in a gentle S-curve. Plain seamless light neutral background #F4F6F9, no texture, no horizon line. Soft large-softbox studio lighting, soft contact shadow underneath, sharp focus across the whole item, photorealistic e-commerce catalog product photo, high detail, 85mm lens look, square 1:1, 1200x1200.";broken links, rust, sprockets, text, letters, numbers, logo, brand name, manufacturer marking, watermark, printed label, people, hands, faces, multiple products, cluttered background, props, distorted geometry, extra parts, cartoon, illustration, CGI look, blur, low resolution;разорванные звенья, ржавчина, звездочки, текст, буквы, цифры, логотип, бренд, заводская маркировка, водяной знак, этикетка с надписями, люди, руки, лица, несколько предметов, захламленный фон, реквизит, искаженная геометрия, лишние детали, мультяшный стиль, иллюстрация, вид 3D-рендера, размытие, низкое разрешение;генерация;"Генерация по промпту; за основу — готовый снимок кадра F00237 (тот же ракурс, свет, фон), меняется только отличие подкадра.";photos/F00237-c.webp
F00237-d;F00237;2;5987;Цепи;Цепь приводная;цепь приводная;тип — роликовая;цепь приводная;роликовая;;свой снимок;27;"Фотореалистичная предметная фотография для каталога. Подкадр F00237-d (27 из 564 позиций кадра F00237). Отличие от соседних подкадров: тип — роликовая. Что в кадре: цепь приводная, роликовая. Как выглядит: приводная роликовая цепь: стальные пластины, валики и ролики, отрезок уложен плавной дугой, металл с масляным блеском. По данным позиций кадра: рядность — однорядная (59 %); конструкция — роликовая. Ракурс и композиция: 3/4 немного сверху, изделие целиком по центру, занимает около 70 % кадра; отрезок цепи уложен плавной S-образной дугой. Фон: светлый нейтральный бесшовный #F4F6F9 без текстуры и горизонта. Свет: мягкий студийный из большого софтбокса, мягкая тень под предметом, резкость по всему предмету. Не должно быть: чужих логотипов, названий заводов и брендов, водяных знаков, надписей и любого текста, людей и рук, лишних предметов. Итог: квадрат 1200×1200 px, WebP.";"Photorealistic catalog product photo. Distinctive for this variant: type roller. Roller drive chain. Roller chain, steel plates, pins and rollers, a length laid in a gentle curve, oily metal sheen. Design: roller. Three-quarter view from slightly above, whole item centred, filling about 70% of the frame; chain length laid in a gentle S-curve. Plain seamless light neutral background #F4F6F9, no texture, no horizon line. Soft large-softbox studio lighting, soft contact shadow underneath, sharp focus across the whole item, photorealistic e-commerce catalog product photo, high detail, 85mm lens look, square 1:1, 1200x1200.";broken links, rust, sprockets, text, letters, numbers, logo, brand name, manufacturer marking, watermark, printed label, people, hands, faces, multiple products, cluttered background, props, distorted geometry, extra parts, cartoon, illustration, CGI look, blur, low resolution;разорванные звенья, ржавчина, звездочки, текст, буквы, цифры, логотип, бренд, заводская маркировка, водяной знак, этикетка с надписями, люди, руки, лица, несколько предметов, захламленный фон, реквизит, искаженная геометрия, лишние детали, мультяшный стиль, иллюстрация, вид 3D-рендера, размытие, низкое разрешение;генерация;"Генерация по промпту; за основу — готовый снимок кадра F00237 (тот же ракурс, свет, фон), меняется только отличие подкадра.";photos/F00237-d.webp
F00237-e;F00237;3;9318;Цепи;Цепь приводная;цепь приводная;"тип — зубчатая, роликовая; материал — сталь";цепь приводная;зубчатая, роликовая;сталь;свой снимок;17;"Фотореалистичная предметная фотография для каталога. Подкадр F00237-e (17 из 564 позиций кадра F00237). Отличие от соседних подкадров: тип — зубчатая, роликовая; материал — сталь. Что в кадре: цепь приводная, зубчатая, роликовая, сталь. Как выглядит: приводная роликовая цепь: стальные пластины, валики и ролики, отрезок уложен плавной дугой, металл с масляным блеском. По данным позиций кадра: материал — сталь; рядность — многорядная; конструкция — зубчатая, роликовая; исполнение — с односторонним зацеплением. Ракурс и композиция: 3/4 немного сверху, изделие целиком по центру, занимает около 70 % кадра; отрезок цепи уложен плавной S-образной дугой. Фон: светлый нейтральный бесшовный #F4F6F9 без текстуры и горизонта. Свет: мягкий студийный из большого софтбокса, мягкая тень под предметом, резкость по всему предмету. Не должно быть: чужих логотипов, названий заводов и брендов, водяных знаков, надписей и любого текста, людей и рук, лишних предметов. Итог: квадрат 1200×1200 px, WebP.";"Photorealistic catalog product photo. Distinctive for this variant: material steel. Roller drive chain. Roller chain, steel plates, pins and rollers, a length laid in a gentle curve, oily metal sheen. Material: steel. Three-quarter view from slightly above, whole item centred, filling about 70% of the frame; chain length laid in a gentle S-curve. Plain seamless light neutral background #F4F6F9, no texture, no horizon line. Soft large-softbox studio lighting, soft contact shadow underneath, sharp focus across the whole item, photorealistic e-commerce catalog product photo, high detail, 85mm lens look, square 1:1, 1200x1200.";broken links, rust, sprockets, text, letters, numbers, logo, brand name, manufacturer marking, watermark, printed label, people, hands, faces, multiple products, cluttered background, props, distorted geometry, extra parts, cartoon, illustration, CGI look, blur, low resolution;разорванные звенья, ржавчина, звездочки, текст, буквы, цифры, логотип, бренд, заводская маркировка, водяной знак, этикетка с надписями, люди, руки, лица, несколько предметов, захламленный фон, реквизит, искаженная геометрия, лишние детали, мультяшный стиль, иллюстрация, вид 3D-рендера, размытие, низкое разрешение;генерация;"Генерация по промпту; за основу — готовый снимок кадра F00237 (тот же ракурс, свет, фон), меняется только отличие подкадра.";photos/F00237-e.webp
F00237-f;F00237;3;12525;Цепи;Цепь приводная;цепь приводная;"тип — втулочная, роликовая; материал — нержавеющая сталь";цепь приводная;втулочная, роликовая;нержавеющая сталь;свой снимок;12;"Фотореалистичная предметная фотография для каталога. Подкадр F00237-f (12 из 564 позиций кадра F00237). Отличие от соседних подкадров: тип — втулочная, роликовая; материал — нержавеющая сталь. Что в кадре: цепь приводная, втулочная, роликовая, нержавеющая сталь. Как выглядит: приводная роликовая цепь: стальные пластины, валики и ролики, отрезок уложен плавной дугой, металл с масляным блеском. По данным позиций кадра: материал — нержавеющая сталь, сталь; рядность — однорядная (58 %); конструкция — втулочная, роликовая. Ракурс и композиция: 3/4 немного сверху, изделие целиком по центру, занимает около 70 % кадра; отрезок цепи уложен плавной S-образной дугой. Фон: светлый нейтральный бесшовный #F4F6F9 без текстуры и горизонта. Свет: мягкий студийный из большого софтбокса, мягкая тень под предметом, резкость по всему предмету. Не должно быть: чужих логотипов, названий заводов и брендов, водяных знаков, надписей и любого текста, людей и рук, лишних предметов. Итог: квадрат 1200×1200 px, WebP.";"Photorealistic catalog product photo. Distinctive for this variant: material stainless steel. Roller drive chain. Roller chain, steel plates, pins and rollers, a length laid in a gentle curve, oily metal sheen. Material: stainless steel. Three-quarter view from slightly above, whole item centred, filling about 70% of the frame; chain length laid in a gentle S-curve. Plain seamless light neutral background #F4F6F9, no texture, no horizon line. Soft large-softbox studio lighting, soft contact shadow underneath, sharp focus across the whole item, photorealistic e-commerce catalog product photo, high detail, 85mm lens look, square 1:1, 1200x1200.";broken links, rust, sprockets, text, letters, numbers, logo, brand name, manufacturer marking, watermark, printed label, people, hands, faces, multiple products, cluttered background, props, distorted geometry, extra parts, cartoon, illustration, CGI look, blur, low resolution;разорванные звенья, ржавчина, звездочки, текст, буквы, цифры, логотип, бренд, заводская маркировка, водяной знак, этикетка с надписями, люди, руки, лица, несколько предметов, захламленный фон, реквизит, искаженная геометрия, лишние детали, мультяшный стиль, иллюстрация, вид 3D-рендера, размытие, низкое разрешение;генерация;"Генерация по промпту; за основу — готовый снимок кадра F00237 (тот же ракурс, свет, фон), меняется только отличие подкадра.";photos/F00237-f.webp
F00237-g;F00237;3;19951;Цепи;Цепь приводная;цепь приводная;"тип — втулочная, пластинчатая, роликовая; материал — сталь";цепь приводная;втулочная, пластинчатая, роликовая;сталь;свой снимок;7;"Фотореалистичная предметная фотография для каталога. Подкадр F00237-g (7 из 564 позиций кадра F00237). Отличие от соседних подкадров: тип — втулочная, пластинчатая, роликовая; материал — сталь. Что в кадре: цепь приводная, втулочная, пластинчатая, роликовая, сталь. Как выглядит: приводная роликовая цепь: стальные пластины, валики и ролики, отрезок уложен плавной дугой, металл с масляным блеском. По данным позиций кадра: материал — сталь; рядность — однорядная; конструкция — втулочная, пластинчатая, роликовая; исполнение — с прямым контуром пластин. Ракурс и композиция: 3/4 немного сверху, изделие целиком по центру, занимает около 70 % кадра; отрезок цепи уложен плавной S-образной дугой. Фон: светлый нейтральный бесшовный #F4F6F9 без текстуры и горизонта. Свет: мягкий студийный из большого софтбокса, мягкая тень под предметом, резкость по всему предмету. Не должно быть: чужих логотипов, названий заводов и брендов, водяных знаков, надписей и любого текста, людей и рук, лишних предметов. Итог: квадрат 1200×1200 px, WebP.";"Photorealistic catalog product photo. Distinctive for this variant: material steel. Roller drive chain. Roller chain, steel plates, pins and rollers, a length laid in a gentle curve, oily metal sheen. Material: steel. Three-quarter view from slightly above, whole item centred, filling about 70% of the frame; chain length laid in a gentle S-curve. Plain seamless light neutral background #F4F6F9, no texture, no horizon line. Soft large-softbox studio lighting, soft contact shadow underneath, sharp focus across the whole item, photorealistic e-commerce catalog product photo, high detail, 85mm lens look, square 1:1, 1200x1200.";broken links, rust, sprockets, text, letters, numbers, logo, brand name, manufacturer marking, watermark, printed label, people, hands, faces, multiple products, cluttered background, props, distorted geometry, extra parts, cartoon, illustration, CGI look, blur, low resolution;разорванные звенья, ржавчина, звездочки, текст, буквы, цифры, логотип, бренд, заводская маркировка, водяной знак, этикетка с надписями, люди, руки, лица, несколько предметов, захламленный фон, реквизит, искаженная геометрия, лишние детали, мультяшный стиль, иллюстрация, вид 3D-рендера, размытие, низкое разрешение;генерация;"Генерация по промпту; за основу — готовый снимок кадра F00237 (тот же ракурс, свет, фон), меняется только отличие подкадра.";photos/F00237-g.webp
F00237-h;F00237;5;27678;Цепи;Цепь приводная;цепь приводная;прочие позиции кадра;;;;прочие позиции кадра — снимок кадра;4;"Фотореалистичная предметная фотография для каталога. Подкадр F00237-h — прочие позиции кадра F00237 (4 из 564), у которых нет общего заметного отличия от остальных 7 подкадров кадра; снимок как у кадра F00237. Что в кадре: цепь приводная, втулочная. Как выглядит: приводная роликовая цепь: стальные пластины, валики и ролики, отрезок уложен плавной дугой, металл с масляным блеском. По данным позиций кадра: материал — сталь; рядность — двухрядная, многорядная (75 %); конструкция — втулочная. Ракурс и композиция: 3/4 немного сверху, изделие целиком по центру, занимает около 70 % кадра; отрезок цепи уложен плавной S-образной дугой. Фон: светлый нейтральный бесшовный #F4F6F9 без текстуры и горизонта. Свет: мягкий студийный из большого софтбокса, мягкая тень под предметом, резкость по всему предмету. Не должно быть: чужих логотипов, названий заводов и брендов, водяных знаков, надписей и любого текста, людей и рук, лишних предметов. Итог: квадрат 1200×1200 px, WebP.";"Photorealistic catalog product photo. Roller drive chain. Roller chain, steel plates, pins and rollers, a length laid in a gentle curve, oily metal sheen. Material: steel. Three-quarter view from slightly above, whole item centred, filling about 70% of the frame; chain length laid in a gentle S-curve. Plain seamless light neutral background #F4F6F9, no texture, no horizon line. Soft large-softbox studio lighting, soft contact shadow underneath, sharp focus across the whole item, photorealistic e-commerce catalog product photo, high detail, 85mm lens look, square 1:1, 1200x1200.";broken links, rust, sprockets, text, letters, numbers, logo, brand name, manufacturer marking, watermark, printed label, people, hands, faces, multiple products, cluttered background, props, distorted geometry, extra parts, cartoon, illustration, CGI look, blur, low resolution;разорванные звенья, ржавчина, звездочки, текст, буквы, цифры, логотип, бренд, заводская маркировка, водяной знак, этикетка с надписями, люди, руки, лица, несколько предметов, захламленный фон, реквизит, искаженная геометрия, лишние детали, мультяшный стиль, иллюстрация, вид 3D-рендера, размытие, низкое разрешение;снимок кадра;Отдельный снимок не нужен: на эти позиции встает снимок кадра F00237 (файл photos/F00237.webp).;— (используется photos/F00237.webp)
F00546-a;F00546;1;921;Цепи;Цепь грузовая;цепь грузовая;"тип — пластинчатая; материал — сталь";цепь грузовая;пластинчатая;сталь;свой снимок;150;"Фотореалистичная предметная фотография для каталога. Подкадр F00546-a (150 из 250 позиций кадра F00546). Отличие от соседних подкадров: тип — пластинчатая; материал — сталь. Что в кадре: цепь грузовая, пластинчатая, сталь. Как выглядит: приводная роликовая цепь: стальные пластины, валики и ролики, отрезок уложен плавной дугой, металл с масляным блеском. По данным позиций кадра: материал — сталь; конструкция — пластинчатая; исполнение — с закрытыми валиками (57 %). Ракурс и композиция: 3/4 немного сверху, изделие целиком по центру, занимает около 70 % кадра; отрезок цепи уложен плавной S-образной дугой. Фон: светлый нейтральный бесшовный #F4F6F9 без текстуры и горизонта. Свет: мягкий студийный из большого софтбокса, мягкая тень под предметом, резкость по всему предмету. Не должно быть: чужих логотипов, названий заводов и брендов, водяных знаков, надписей и любого текста, людей и рук, лишних предметов. Итог: квадрат 1200×1200 px, WebP.";"Photorealistic catalog product photo. Distinctive for this variant: material steel. Load chain. Roller chain, steel plates, pins and rollers, a length laid in a gentle curve, oily metal sheen. Material: steel. Three-quarter view from slightly above, whole item centred, filling about 70% of the frame; chain length laid in a gentle S-curve. Plain seamless light neutral background #F4F6F9, no texture, no horizon line. Soft large-softbox studio lighting, soft contact shadow underneath, sharp focus across the whole item, photorealistic e-commerce catalog product photo, high detail, 85mm lens look, square 1:1, 1200x1200.";broken links, rust, sprockets, text, letters, numbers, logo, brand name, manufacturer marking, watermark, printed label, people, hands, faces, multiple products, cluttered background, props, distorted geometry, extra parts, cartoon, illustration, CGI look, blur, low resolution;разорванные звенья, ржавчина, звездочки, текст, буквы, цифры, логотип, бренд, заводская маркировка, водяной знак, этикетка с надписями, люди, руки, лица, несколько предметов, захламленный фон, реквизит, искаженная геометрия, лишние детали, мультяшный стиль, иллюстрация, вид 3D-рендера, размытие, низкое разрешение;генерация;"Генерация по промпту; за основу — готовый снимок кадра F00546 (тот же ракурс, свет, фон), меняется только отличие подкадра.";photos/F00546-a.webp
F00546-b;F00546;2;4611;Цепи;Цепь грузовая;цепь грузовая;"тип — пластинчатая; материал — оцинкованная сталь";цепь грузовая;пластинчатая;оцинкованная сталь;свой снимок;35;"Фотореалистичная предметная фотография для каталога. Подкадр F00546-b (35 из 250 позиций кадра F00546). Отличие от соседних подкадров: тип — пластинчатая; материал — оцинкованная сталь. Что в кадре: цепь грузовая, пластинчатая, оцинкованная сталь. Как выглядит: приводная роликовая цепь: стальные пластины, валики и ролики, отрезок уложен плавной дугой, металл с масляным блеском. По данным позиций кадра: материал — легированная сталь, оцинкованная сталь, сталь; конструкция — пластинчатая; исполнение — с закрытыми валиками. Ракурс и композиция: 3/4 немного сверху, изделие целиком по центру, занимает около 70 % кадра; отрезок цепи уложен плавной S-образной дугой. Фон: светлый нейтральный бесшовный #F4F6F9 без текстуры и горизонта. Свет: мягкий студийный из большого софтбокса, мягкая тень под предметом, резкость по всему предмету. Не должно быть: чужих логотипов, названий заводов и брендов, водяных знаков, надписей и любого текста, людей и рук, лишних предметов. Итог: квадрат 1200×1200 px, WebP.";"Photorealistic catalog product photo. Distinctive for this variant: material galvanised steel. Load chain. Roller chain, steel plates, pins and rollers, a length laid in a gentle curve, oily metal sheen. Material: galvanised steel, zinc-plated. Three-quarter view from slightly above, whole item centred, filling about 70% of the frame; chain length laid in a gentle S-curve. Plain seamless light neutral background #F4F6F9, no texture, no horizon line. Soft large-softbox studio lighting, soft contact shadow underneath, sharp focus across the whole item, photorealistic e-commerce catalog product photo, high detail, 85mm lens look, square 1:1, 1200x1200.";broken links, rust, sprockets, text, letters, numbers, logo, brand name, manufacturer marking, watermark, printed label, people, hands, faces, multiple products, cluttered background, props, distorted geometry, extra parts, cartoon, illustration, CGI look, blur, low resolution;разорванные звенья, ржавчина, звездочки, текст, буквы, цифры, логотип, бренд, заводская маркировка, водяной знак, этикетка с надписями, люди, руки, лица, несколько предметов, захламленный фон, реквизит, искаженная геометрия, лишние детали, мультяшный стиль, иллюстрация, вид 3D-рендера, размытие, низкое разрешение;генерация;"Генерация по промпту; за основу — готовый снимок кадра F00546 (тот же ракурс, свет, фон), меняется только отличие подкадра.";photos/F00546-b.webp
F00546-c;F00546;2;5241;Цепи;Цепь грузовая;цепь грузовая;"тип — пластинчатая, роликовая; материал — нержавеющая сталь";цепь грузовая;пластинчатая, роликовая;нержавеющая сталь;свой снимок;31;"Фотореалистичная предметная фотография для каталога. Подкадр F00546-c (31 из 250 позиций кадра F00546). Отличие от соседних подкадров: тип — пластинчатая, роликовая; материал — нержавеющая сталь. Что в кадре: цепь грузовая, пластинчатая, роликовая, нержавеющая сталь. Как выглядит: приводная роликовая цепь: стальные пластины, валики и ролики, отрезок уложен плавной дугой, металл с масляным блеском. По данным позиций кадра: материал — нержавеющая сталь, сталь; рядность — однорядная; конструкция — пластинчатая, роликовая. Ракурс и композиция: 3/4 немного сверху, изделие целиком по центру, занимает около 70 % кадра; отрезок цепи уложен плавной S-образной дугой. Фон: светлый нейтральный бесшовный #F4F6F9 без текстуры и горизонта. Свет: мягкий студийный из большого софтбокса, мягкая тень под предметом, резкость по всему предмету. Не должно быть: чужих логотипов, названий заводов и брендов, водяных знаков, надписей и любого текста, людей и рук, лишних предметов. Итог: квадрат 1200×1200 px, WebP.";"Photorealistic catalog product photo. Distinctive for this variant: material stainless steel. Load chain. Roller chain, steel plates, pins and rollers, a length laid in a gentle curve, oily metal sheen. Material: stainless steel. Three-quarter view from slightly above, whole item centred, filling about 70% of the frame; chain length laid in a gentle S-curve. Plain seamless light neutral background #F4F6F9, no texture, no horizon line. Soft large-softbox studio lighting, soft contact shadow underneath, sharp focus across the whole item, photorealistic e-commerce catalog product photo, high detail, 85mm lens look, square 1:1, 1200x1200.";broken links, rust, sprockets, text, letters, numbers, logo, brand name, manufacturer marking, watermark, printed label, people, hands, faces, multiple products, cluttered background, props, distorted geometry, extra parts, cartoon, illustration, CGI look, blur, low resolution;разорванные звенья, ржавчина, звездочки, текст, буквы, цифры, логотип, бренд, заводская маркировка, водяной знак, этикетка с надписями, люди, руки, лица, несколько предметов, захламленный фон, реквизит, искаженная геометрия, лишние детали, мультяшный стиль, иллюстрация, вид 3D-рендера, размытие, низкое разрешение;генерация;"Генерация по промпту; за основу — готовый снимок кадра F00546 (тот же ракурс, свет, фон), меняется только отличие подкадра.";photos/F00546-c.webp
F00546-d;F00546;3;8386;Цепи;Цепь грузовая;цепь грузовая;тип — пластинчатая, роликовая;цепь грузовая;пластинчатая, роликовая;;свой снимок;19;"Фотореалистичная предметная фотография для каталога. Подкадр F00546-d (19 из 250 позиций кадра F00546). Отличие от соседних подкадров: тип — пластинчатая, роликовая. Что в кадре: цепь грузовая, пластинчатая, роликовая. Как выглядит: приводная роликовая цепь: стальные пластины, валики и ролики, отрезок уложен плавной дугой, металл с масляным блеском. По данным позиций кадра: конструкция — пластинчатая, роликовая. Ракурс и композиция: 3/4 немного сверху, изделие целиком по центру, занимает около 70 % кадра; отрезок цепи уложен плавной S-образной дугой. Фон: светлый нейтральный бесшовный #F4F6F9 без текстуры и горизонта. Свет: мягкий студийный из большого софтбокса, мягкая тень под предметом, резкость по всему предмету. Не должно быть: чужих логотипов, названий заводов и брендов, водяных знаков, надписей и любого текста, людей и рук, лишних предметов. Итог: квадрат 1200×1200 px, WebP.";"Photorealistic catalog product photo. Load chain. Roller chain, steel plates, pins and rollers, a length laid in a gentle curve, oily metal sheen. Three-quarter view from slightly above, whole item centred, filling about 70% of the frame; chain length laid in a gentle S-curve. Plain seamless light neutral background #F4F6F9, no texture, no horizon line. Soft large-softbox studio lighting, soft contact shadow underneath, sharp focus across the whole item, photorealistic e-commerce catalog product photo, high detail, 85mm lens look, square 1:1, 1200x1200.";broken links, rust, sprockets, text, letters, numbers, logo, brand name, manufacturer marking, watermark, printed label, people, hands, faces, multiple products, cluttered background, props, distorted geometry, extra parts, cartoon, illustration, CGI look, blur, low resolution;разорванные звенья, ржавчина, звездочки, текст, буквы, цифры, логотип, бренд, заводская маркировка, водяной знак, этикетка с надписями, люди, руки, лица, несколько предметов, захламленный фон, реквизит, искаженная геометрия, лишние детали, мультяшный стиль, иллюстрация, вид 3D-рендера, размытие, низкое разрешение;генерация;"Генерация по промпту; за основу — готовый снимок кадра F00546 (тот же ракурс, свет, фон), меняется только отличие подкадра.";photos/F00546-d.webp
F00546-e;F00546;3;18005;Цепи;Цепь грузовая;цепь грузовая;"тип — круглозвенная; материал — оцинкованная сталь";цепь грузовая;круглозвенная;оцинкованная сталь;свой снимок;8;"Фотореалистичная предметная фотография для каталога. Подкадр F00546-e (8 из 250 позиций кадра F00546). Отличие от соседних подкадров: тип — круглозвенная; материал — оцинкованная сталь. Что в кадре: цепь грузовая, круглозвенная, оцинкованная сталь. Как выглядит: приводная роликовая цепь: стальные пластины, валики и ролики, отрезок уложен плавной дугой, металл с масляным блеском. По данным позиций кадра: материал — легированная сталь, оцинкованная сталь, сталь; конструкция — круглозвенная; исполнение — высокопрочная. Ракурс и композиция: 3/4 немного сверху, изделие целиком по центру, занимает около 70 % кадра; отрезок цепи уложен плавной S-образной дугой. Фон: светлый нейтральный бесшовный #F4F6F9 без текстуры и горизонта. Свет: мягкий студийный из большого софтбокса, мягкая тень под предметом, резкость по всему предмету. Не должно быть: чужих логотипов, названий заводов и брендов, водяных знаков, надписей и любого текста, людей и рук, лишних предметов. Итог: квадрат 1200×1200 px, WebP.";"Photorealistic catalog product photo. Distinctive for this variant: type round link; material galvanised steel. Load chain. Roller chain, steel plates, pins and rollers, a length laid in a gentle curve, oily metal sheen. Material: galvanised steel, zinc-plated; design: round link. Three-quarter view from slightly above, whole item centred, filling about 70% of the frame; chain length laid in a gentle S-curve. Plain seamless light neutral background #F4F6F9, no texture, no horizon line. Soft large-softbox studio lighting, soft contact shadow underneath, sharp focus across the whole item, photorealistic e-commerce catalog product photo, high detail, 85mm lens look, square 1:1, 1200x1200.";broken links, rust, sprockets, text, letters, numbers, logo, brand name, manufacturer marking, watermark, printed label, people, hands, faces, multiple products, cluttered background, props, distorted geometry, extra parts, cartoon, illustration, CGI look, blur, low resolution;разорванные звенья, ржавчина, звездочки, текст, буквы, цифры, логотип, бренд, заводская маркировка, водяной знак, этикетка с надписями, люди, руки, лица, несколько предметов, захламленный фон, реквизит, искаженная геометрия, лишние детали, мультяшный стиль, иллюстрация, вид 3D-рендера, размытие, низкое разрешение;генерация;"Генерация по промпту; за основу — готовый снимок кадра F00546 (тот же ракурс, свет, фон), меняется только отличие подкадра.";photos/F00546-e.webp
F00546-f;F00546;4;22551;Цепи;Цепь грузовая;цепь грузовая;тип — пластинчатая;цепь грузовая;пластинчатая;;свой снимок;6;"Фотореалистичная предметная фотография для каталога. Подкадр F00546-f (6 из 250 позиций кадра F00546). Отличие от соседних подкадров: тип — пластинчатая. Что в кадре: цепь грузовая, пластинчатая. Как выглядит: приводная роликовая цепь: стальные пластины, валики и ролики, отрезок уложен плавной дугой, металл с масляным блеском. По данным позиций кадра: конструкция — пластинчатая; исполнение — с закрытыми валиками. Ракурс и композиция: 3/4 немного сверху, изделие целиком по центру, занимает около 70 % кадра; отрезок цепи уложен плавной S-образной дугой. Фон: светлый нейтральный бесшовный #F4F6F9 без текстуры и горизонта. Свет: мягкий студийный из большого софтбокса, мягкая тень под предметом, резкость по всему предмету. Не должно быть: чужих логотипов, названий заводов и брендов, водяных знаков, надписей и любого текста, людей и рук, лишних предметов. Итог: квадрат 1200×1200 px, WebP.";"Photorealistic catalog product photo. Load chain. Roller chain, steel plates, pins and rollers, a length laid in a gentle curve, oily metal sheen. Three-quarter view from slightly above, whole item centred, filling about 70% of the frame; chain length laid in a gentle S-curve. Plain seamless light neutral background #F4F6F9, no texture, no horizon line. Soft large-softbox studio lighting, soft contact shadow underneath, sharp focus across the whole item, photorealistic e-commerce catalog product photo, high detail, 85mm lens look, square 1:1, 1200x1200.";broken links, rust, sprockets, text, letters, numbers, logo, brand name, manufacturer marking, watermark, printed label, people, hands, faces, multiple products, cluttered background, props, distorted geometry, extra parts, cartoon, illustration, CGI look, blur, low resolution;разорванные звенья, ржавчина, звездочки, текст, буквы, цифры, логотип, бренд, заводская маркировка, водяной знак, этикетка с надписями, люди, руки, лица, несколько предметов, захламленный фон, реквизит, искаженная геометрия, лишние детали, мультяшный стиль, иллюстрация, вид 3D-рендера, размытие, низкое разрешение;генерация;"Генерация по промпту; за основу — готовый снимок кадра F00546 (тот же ракурс, свет, фон), меняется только отличие подкадра.";photos/F00546-f.webp
F00546-g;F00546;5;28743;Цепи;Цепь грузовая;цепь грузовая;прочие позиции кадра;;;;прочие позиции кадра — снимок кадра;1;"Фотореалистичная предметная фотография для каталога. Подкадр F00546-g — прочие позиции кадра F00546 (1 из 250), у которых нет общего заметного отличия от остальных 6 подкадров кадра; снимок как у кадра F00546. Что в кадре: цепь грузовая, круглозвенная, сталь. Как выглядит: приводная роликовая цепь: стальные пластины, валики и ролики, отрезок уложен плавной дугой, металл с масляным блеском. По данным позиций кадра: материал — сталь, термообработанная сталь; конструкция — круглозвенная; исполнение — высокопрочная. Ракурс и композиция: 3/4 немного сверху, изделие целиком по центру, занимает около 70 % кадра; отрезок цепи уложен плавной S-образной дугой. Фон: светлый нейтральный бесшовный #F4F6F9 без текстуры и горизонта. Свет: мягкий студийный из большого софтбокса, мягкая тень под предметом, резкость по всему предмету. Не должно быть: чужих логотипов, названий заводов и брендов, водяных знаков, надписей и любого текста, людей и рук, лишних предметов. Итог: квадрат 1200×1200 px, WebP.";"Photorealistic catalog product photo. Load chain. Roller chain, steel plates, pins and rollers, a length laid in a gentle curve, oily metal sheen. Material: steel; design: round link. Three-quarter view from slightly above, whole item centred, filling about 70% of the frame; chain length laid in a gentle S-curve. Plain seamless light neutral background #F4F6F9, no texture, no horizon line. Soft large-softbox studio lighting, soft contact shadow underneath, sharp focus across the whole item, photorealistic e-commerce catalog product photo, high detail, 85mm lens look, square 1:1, 1200x1200.";broken links, rust, sprockets, text, letters, numbers, logo, brand name, manufacturer marking, watermark, printed label, people, hands, faces, multiple products, cluttered background, props, distorted geometry, extra parts, cartoon, illustration, CGI look, blur, low resolution;разорванные звенья, ржавчина, звездочки, текст, буквы, цифры, логотип, бренд, заводская маркировка, водяной знак, этикетка с надписями, люди, руки, лица, несколько предметов, захламленный фон, реквизит, искаженная геометрия, лишние детали, мультяшный стиль, иллюстрация, вид 3D-рендера, размытие, низкое разрешение;снимок кадра;Отдельный снимок не нужен: на эти позиции встает снимок кадра F00546 (файл photos/F00546.webp).;— (используется photos/F00546.webp)
F00848-a;F00848;2;2725;Цепи;Цепь транспортерная;цепь транспортерная;"тип — роликовая; материал — сталь";цепь транспортерная;роликовая;сталь;свой снимок;57;"Фотореалистичная предметная фотография для каталога. Подкадр F00848-a (57 из 153 позиций кадра F00848). Отличие от соседних подкадров: тип — роликовая; материал — сталь. Что в кадре: цепь транспортерная, роликовая, сталь. Как выглядит: приводная роликовая цепь: стальные пластины, валики и ролики, отрезок уложен плавной дугой, металл с масляным блеском. По данным позиций кадра: материал — сталь; рядность — однорядная; конструкция — роликовая; исполнение — длиннозвенная (77 %). Ракурс и композиция: 3/4 немного сверху, изделие целиком по центру, занимает около 70 % кадра; отрезок цепи уложен плавной S-образной дугой. Фон: светлый нейтральный бесшовный #F4F6F9 без текстуры и горизонта. Свет: мягкий студийный из большого софтбокса, мягкая тень под предметом, резкость по всему предмету. Не должно быть: чужих логотипов, названий заводов и брендов, водяных знаков, надписей и любого текста, людей и рук, лишних предметов. Итог: квадрат 1200×1200 px, WebP.";"Photorealistic catalog product photo. Distinctive for this variant: type roller; material steel. Conveyor chain. Roller chain, steel plates, pins and rollers, a length laid in a gentle curve, oily metal sheen. Material: steel; design: roller. Three-quarter view from slightly above, whole item centred, filling about 70% of the frame; chain length laid in a gentle S-curve. Plain seamless light neutral background #F4F6F9, no texture, no horizon line. Soft large-softbox studio lighting, soft contact shadow underneath, sharp focus across the whole item, photorealistic e-commerce catalog product photo, high detail, 85mm lens look, square 1:1, 1200x1200.";broken links, rust, sprockets, text, letters, numbers, logo, brand name, manufacturer marking, watermark, printed label, people, hands, faces, multiple products, cluttered background, props, distorted geometry, extra parts, cartoon, illustration, CGI look, blur, low resolution;разорванные звенья, ржавчина, звездочки, текст, буквы, цифры, логотип, бренд, заводская маркировка, водяной знак, этикетка с надписями, люди, руки, лица, несколько предметов, захламленный фон, реквизит, искаженная геометрия, лишние детали, мультяшный стиль, иллюстрация, вид 3D-рендера, размытие, низкое разрешение;генерация;"Генерация по промпту; за основу — готовый снимок кадра F00848 (тот же ракурс, свет, фон), меняется только отличие подкадра.";photos/F00848-a.webp
F00848-b;F00848;2;4630;Цепи;Цепь транспортерная;цепь транспортерная;"тип — скребковая; материал — сталь";цепь транспортерная;скребковая;сталь;свой снимок;35;"Фотореалистичная предметная фотография для каталога. Подкадр F00848-b (35 из 153 позиций кадра F00848). Отличие от соседних подкадров: тип — скребковая; материал — сталь. Что в кадре: цепь транспортерная, скребковая, сталь. Как выглядит: приводная роликовая цепь: стальные пластины, валики и ролики, отрезок уложен плавной дугой, металл с масляным блеском. По данным позиций кадра: материал — сталь; рядность — многорядная, четырехрядная (40 %); конструкция — скребковая; исполнение — скребковая (54 %). Ракурс и композиция: 3/4 немного сверху, изделие целиком по центру, занимает около 70 % кадра; отрезок цепи уложен плавной S-образной дугой. Фон: светлый нейтральный бесшовный #F4F6F9 без текстуры и горизонта. Свет: мягкий студийный из большого софтбокса, мягкая тень под предметом, резкость по всему предмету. Не должно быть: чужих логотипов, названий заводов и брендов, водяных знаков, надписей и любого текста, людей и рук, лишних предметов. Итог: квадрат 1200×1200 px, WebP.";"Photorealistic catalog product photo. Distinctive for this variant: material steel. Conveyor chain. Roller chain, steel plates, pins and rollers, a length laid in a gentle curve, oily metal sheen. Material: steel. Three-quarter view from slightly above, whole item centred, filling about 70% of the frame; chain length laid in a gentle S-curve. Plain seamless light neutral background #F4F6F9, no texture, no horizon line. Soft large-softbox studio lighting, soft contact shadow underneath, sharp focus across the whole item, photorealistic e-commerce catalog product photo, high detail, 85mm lens look, square 1:1, 1200x1200.";broken links, rust, sprockets, text, letters, numbers, logo, brand name, manufacturer marking, watermark, printed label, people, hands, faces, multiple products, cluttered background, props, distorted geometry, extra parts, cartoon, illustration, CGI look, blur, low resolution;разорванные звенья, ржавчина, звездочки, текст, буквы, цифры, логотип, бренд, заводская маркировка, водяной знак, этикетка с надписями, люди, руки, лица, несколько предметов, захламленный фон, реквизит, искаженная геометрия, лишние детали, мультяшный стиль, иллюстрация, вид 3D-рендера, размытие, низкое разрешение;генерация;"Генерация по промпту; за основу — готовый снимок кадра F00848 (тот же ракурс, свет, фон), меняется только отличие подкадра.";photos/F00848-b.webp
F00848-c;F00848;2;5253;Цепи;Цепь транспортерная;цепь транспортерная;"тип — роликовая; материал — нержавеющая сталь";цепь транспортерная;роликовая;нержавеющая сталь;свой снимок;31;"Фотореалистичная предметная фотография для каталога. Подкадр F00848-c (31 из 153 позиций кадра F00848). Отличие от соседних подкадров: тип — роликовая; материал — нержавеющая сталь. Что в кадре: цепь транспортерная, роликовая, нержавеющая сталь. Как выглядит: приводная роликовая цепь: стальные пластины, валики и ролики, отрезок уложен плавной дугой, металл с масляным блеском. По данным позиций кадра: материал — нержавеющая сталь, сталь; рядность — однорядная; конструкция — роликовая. Ракурс и композиция: 3/4 немного сверху, изделие целиком по центру, занимает около 70 % кадра; отрезок цепи уложен плавной S-образной дугой. Фон: светлый нейтральный бесшовный #F4F6F9 без текстуры и горизонта. Свет: мягкий студийный из большого софтбокса, мягкая тень под предметом, резкость по всему предмету. Не должно быть: чужих логотипов, названий заводов и брендов, водяных знаков, надписей и любого текста, людей и рук, лишних предметов. Итог: квадрат 1200×1200 px, WebP.";"Photorealistic catalog product photo. Distinctive for this variant: type roller; material stainless steel. Conveyor chain. Roller chain, steel plates, pins and rollers, a length laid in a gentle curve, oily metal sheen. Material: stainless steel; design: roller. Three-quarter view from slightly above, whole item centred, filling about 70% of the frame; chain length laid in a gentle S-curve. Plain seamless light neutral background #F4F6F9, no texture, no horizon line. Soft large-softbox studio lighting, soft contact shadow underneath, sharp focus across the whole item, photorealistic e-commerce catalog product photo, high detail, 85mm lens look, square 1:1, 1200x1200.";broken links, rust, sprockets, text, letters, numbers, logo, brand name, manufacturer marking, watermark, printed label, people, hands, faces, multiple products, cluttered background, props, distorted geometry, extra parts, cartoon, illustration, CGI look, blur, low resolution;разорванные звенья, ржавчина, звездочки, текст, буквы, цифры, логотип, бренд, заводская маркировка, водяной знак, этикетка с надписями, люди, руки, лица, несколько предметов, захламленный фон, реквизит, искаженная геометрия, лишние детали, мультяшный стиль, иллюстрация, вид 3D-рендера, размытие, низкое разрешение;генерация;"Генерация по промпту; за основу — готовый снимок кадра F00848 (тот же ракурс, свет, фон), меняется только отличие подкадра.";photos/F00848-c.webp
F00848-d;F00848;3;8069;Цепи;Цепь транспортерная;цепь транспортерная;"тип — втулочная; материал — сталь";цепь транспортерная;втулочная;сталь;свой снимок;20;"Фотореалистичная предметная фотография для каталога. Подкадр F00848-d (20 из 153 позиций кадра F00848). Отличие от соседних подкадров: тип — втулочная; материал — сталь. Что в кадре: цепь транспортерная, втулочная, сталь. Как выглядит: приводная роликовая цепь: стальные пластины, валики и ролики, отрезок уложен плавной дугой, металл с масляным блеском. По данным позиций кадра: материал — сталь; рядность — однорядная; конструкция — втулочная. Ракурс и композиция: 3/4 немного сверху, изделие целиком по центру, занимает около 70 % кадра; отрезок цепи уложен плавной S-образной дугой. Фон: светлый нейтральный бесшовный #F4F6F9 без текстуры и горизонта. Свет: мягкий студийный из большого софтбокса, мягкая тень под предметом, резкость по всему предмету. Не должно быть: чужих логотипов, названий заводов и брендов, водяных знаков, надписей и любого текста, людей и рук, лишних предметов. Итог: квадрат 1200×1200 px, WebP.";"Photorealistic catalog product photo. Distinctive for this variant: material steel. Conveyor chain. Roller chain, steel plates, pins and rollers, a length laid in a gentle curve, oily metal sheen. Material: steel. Three-quarter view from slightly above, whole item centred, filling about 70% of the frame; chain length laid in a gentle S-curve. Plain seamless light neutral background #F4F6F9, no texture, no horizon line. Soft large-softbox studio lighting, soft contact shadow underneath, sharp focus across the whole item, photorealistic e-commerce catalog product photo, high detail, 85mm lens look, square 1:1, 1200x1200.";broken links, rust, sprockets, text, letters, numbers, logo, brand name, manufacturer marking, watermark, printed label, people, hands, faces, multiple products, cluttered background, props, distorted geometry, extra parts, cartoon, illustration, CGI look, blur, low resolution;разорванные звенья, ржавчина, звездочки, текст, буквы, цифры, логотип, бренд, заводская маркировка, водяной знак, этикетка с надписями, люди, руки, лица, несколько предметов, захламленный фон, реквизит, искаженная геометрия, лишние детали, мультяшный стиль, иллюстрация, вид 3D-рендера, размытие, низкое разрешение;генерация;"Генерация по промпту; за основу — готовый снимок кадра F00848 (тот же ракурс, свет, фон), меняется только отличие подкадра.";photos/F00848-d.webp
F00848-e;F00848;3;15089;Цепи;Цепь транспортерная;цепь транспортерная;"тип — втулочная; материал — нержавеющая сталь";цепь транспортерная;втулочная;нержавеющая сталь;свой снимок;10;"Фотореалистичная предметная фотография для каталога. Подкадр F00848-e (10 из 153 позиций кадра F00848). Отличие от соседних подкадров: тип — втулочная; материал — нержавеющая сталь. Что в кадре: цепь транспортерная, втулочная, нержавеющая сталь. Как выглядит: приводная роликовая цепь: стальные пластины, валики и ролики, отрезок уложен плавной дугой, металл с масляным блеском. По данным позиций кадра: материал — нержавеющая сталь, сталь; рядность — однорядная; конструкция — втулочная; исполнение — двухшаговая. Ракурс и композиция: 3/4 немного сверху, изделие целиком по центру, занимает около 70 % кадра; отрезок цепи уложен плавной S-образной дугой. Фон: светлый нейтральный бесшовный #F4F6F9 без текстуры и горизонта. Свет: мягкий студийный из большого софтбокса, мягкая тень под предметом, резкость по всему предмету. Не должно быть: чужих логотипов, названий заводов и брендов, водяных знаков, надписей и любого текста, людей и рук, лишних предметов. Итог: квадрат 1200×1200 px, WebP.";"Photorealistic catalog product photo. Distinctive for this variant: material stainless steel. Conveyor chain. Roller chain, steel plates, pins and rollers, a length laid in a gentle curve, oily metal sheen. Material: stainless steel. Three-quarter view from slightly above, whole item centred, filling about 70% of the frame; chain length laid in a gentle S-curve. Plain seamless light neutral background #F4F6F9, no texture, no horizon line. Soft large-softbox studio lighting, soft contact shadow underneath, sharp focus across the whole item, photorealistic e-commerce catalog product photo, high detail, 85mm lens look, square 1:1, 1200x1200.";broken links, rust, sprockets, text, letters, numbers, logo, brand name, manufacturer marking, watermark, printed label, people, hands, faces, multiple products, cluttered background, props, distorted geometry, extra parts, cartoon, illustration, CGI look, blur, low resolution;разорванные звенья, ржавчина, звездочки, текст, буквы, цифры, логотип, бренд, заводская маркировка, водяной знак, этикетка с надписями, люди, руки, лица, несколько предметов, захламленный фон, реквизит, искаженная геометрия, лишние детали, мультяшный стиль, иллюстрация, вид 3D-рендера, размытие, низкое разрешение;генерация;"Генерация по промпту; за основу — готовый снимок кадра F00848 (тот же ракурс, свет, фон), меняется только отличие подкадра.";photos/F00848-e.webp
F00896-a;F00896;1;971;Цепи;Цепь якорная;цепь якорная;весь кадр;;;;весь кадр — снимок кадра;143;"Фотореалистичная предметная фотография для каталога. Подкадр F00896-a — весь кадр F00896 (143 поз.): позиций мало или на фото они одинаковы. Что в кадре: цепь якорная. Как выглядит: приводная роликовая цепь: стальные пластины, валики и ролики, отрезок уложен плавной дугой, металл с масляным блеском. По данным позиций кадра: материал — сталь; конструкция — кованая, круглозвенная, сварная; исполнение — короткозвенная. Ракурс и композиция: 3/4 немного сверху, изделие целиком по центру, занимает около 70 % кадра; отрезок цепи уложен плавной S-образной дугой. Фон: светлый нейтральный бесшовный #F4F6F9 без текстуры и горизонта. Свет: мягкий студийный из большого софтбокса, мягкая тень под предметом, резкость по всему предмету. Не должно быть: чужих логотипов, названий заводов и брендов, водяных знаков, надписей и любого текста, людей и рук, лишних предметов. Итог: квадрат 1200×1200 px, WebP.";"Photorealistic catalog product photo. Anchor chain. Roller chain, steel plates, pins and rollers, a length laid in a gentle curve, oily metal sheen. Material: steel. Three-quarter view from slightly above, whole item centred, filling about 70% of the frame; chain length laid in a gentle S-curve. Plain seamless light neutral background #F4F6F9, no texture, no horizon line. Soft large-softbox studio lighting, soft contact shadow underneath, sharp focus across the whole item, photorealistic e-commerce catalog product photo, high detail, 85mm lens look, square 1:1, 1200x1200.";broken links, rust, sprockets, text, letters, numbers, logo, brand name, manufacturer marking, watermark, printed label, people, hands, faces, multiple products, cluttered background, props, distorted geometry, extra parts, cartoon, illustration, CGI look, blur, low resolution;разорванные звенья, ржавчина, звездочки, текст, буквы, цифры, логотип, бренд, заводская маркировка, водяной знак, этикетка с надписями, люди, руки, лица, несколько предметов, захламленный фон, реквизит, искаженная геометрия, лишние детали, мультяшный стиль, иллюстрация, вид 3D-рендера, размытие, низкое разрешение;снимок кадра;Отдельный снимок не нужен: на эти позиции встает снимок кадра F00896 (файл photos/F00896.webp).;— (используется photos/F00896.webp)
F01671-a;F01671;2;3601;Цепи;Цепь круглозвенная;цепь круглозвенная;"тип — круглозвенная, сварная; материал — сталь";цепь круглозвенная;круглозвенная, сварная;сталь;свой снимок;44;"Фотореалистичная предметная фотография для каталога. Подкадр F01671-a (44 из 68 позиций кадра F01671). Отличие от соседних подкадров: тип — круглозвенная, сварная; материал — сталь. Что в кадре: цепь круглозвенная, сварная, сталь. Как выглядит: приводная роликовая цепь: стальные пластины, валики и ролики, отрезок уложен плавной дугой, металл с масляным блеском. По данным позиций кадра: материал — сталь; конструкция — круглозвенная, сварная; исполнение — длиннозвенная (52 %). Ракурс и композиция: 3/4 немного сверху, изделие целиком по центру, занимает около 70 % кадра; отрезок цепи уложен плавной S-образной дугой. Фон: светлый нейтральный бесшовный #F4F6F9 без текстуры и горизонта. Свет: мягкий студийный из большого софтбокса, мягкая тень под предметом, резкость по всему предмету. Не должно быть: чужих логотипов, названий заводов и брендов, водяных знаков, надписей и любого текста, людей и рук, лишних предметов. Итог: квадрат 1200×1200 px, WebP.";"Photorealistic catalog product photo. Distinctive for this variant: type welded round link; material steel. Round link chain. Roller chain, steel plates, pins and rollers, a length laid in a gentle curve, oily metal sheen. Material: steel; design: welded round link. Three-quarter view from slightly above, whole item centred, filling about 70% of the frame; chain length laid in a gentle S-curve. Plain seamless light neutral background #F4F6F9, no texture, no horizon line. Soft large-softbox studio lighting, soft contact shadow underneath, sharp focus across the whole item, photorealistic e-commerce catalog product photo, high detail, 85mm lens look, square 1:1, 1200x1200.";broken links, rust, sprockets, text, letters, numbers, logo, brand name, manufacturer marking, watermark, printed label, people, hands, faces, multiple products, cluttered background, props, distorted geometry, extra parts, cartoon, illustration, CGI look, blur, low resolution;разорванные звенья, ржавчина, звездочки, текст, буквы, цифры, логотип, бренд, заводская маркировка, водяной знак, этикетка с надписями, люди, руки, лица, несколько предметов, захламленный фон, реквизит, искаженная геометрия, лишние детали, мультяшный стиль, иллюстрация, вид 3D-рендера, размытие, низкое разрешение;генерация;"Генерация по промпту; за основу — готовый снимок кадра F01671 (тот же ракурс, свет, фон), меняется только отличие подкадра.";photos/F01671-a.webp
F01671-b;F01671;3;9020;Цепи;Цепь круглозвенная;цепь круглозвенная;"тип — круглозвенная, сварная; материал — оцинкованная сталь";цепь круглозвенная;круглозвенная, сварная;оцинкованная сталь;свой снимок;18;"Фотореалистичная предметная фотография для каталога. Подкадр F01671-b (18 из 68 позиций кадра F01671). Отличие от соседних подкадров: тип — круглозвенная, сварная; материал — оцинкованная сталь. Что в кадре: цепь круглозвенная, сварная, оцинкованная сталь. Как выглядит: приводная роликовая цепь: стальные пластины, валики и ролики, отрезок уложен плавной дугой, металл с масляным блеском. По данным позиций кадра: материал — оцинкованная сталь, сталь (94 %); конструкция — круглозвенная, сварная; исполнение — короткозвенная (59 %). Ракурс и композиция: 3/4 немного сверху, изделие целиком по центру, занимает около 70 % кадра; отрезок цепи уложен плавной S-образной дугой. Фон: светлый нейтральный бесшовный #F4F6F9 без текстуры и горизонта. Свет: мягкий студийный из большого софтбокса, мягкая тень под предметом, резкость по всему предмету. Не должно быть: чужих логотипов, названий заводов и брендов, водяных знаков, надписей и любого текста, людей и рук, лишних предметов. Итог: квадрат 1200×1200 px, WebP.";"Photorealistic catalog product photo. Distinctive for this variant: type welded round link; material galvanised steel. Round link chain. Roller chain, steel plates, pins and rollers, a length laid in a gentle curve, oily metal sheen. Material: galvanised steel, zinc-plated; design: welded round link. Three-quarter view from slightly above, whole item centred, filling about 70% of the frame; chain length laid in a gentle S-curve. Plain seamless light neutral background #F4F6F9, no texture, no horizon line. Soft large-softbox studio lighting, soft contact shadow underneath, sharp focus across the whole item, photorealistic e-commerce catalog product photo, high detail, 85mm lens look, square 1:1, 1200x1200.";broken links, rust, sprockets, text, letters, numbers, logo, brand name, manufacturer marking, watermark, printed label, people, hands, faces, multiple products, cluttered background, props, distorted geometry, extra parts, cartoon, illustration, CGI look, blur, low resolution;разорванные звенья, ржавчина, звездочки, текст, буквы, цифры, логотип, бренд, заводская маркировка, водяной знак, этикетка с надписями, люди, руки, лица, несколько предметов, захламленный фон, реквизит, искаженная геометрия, лишние детали, мультяшный стиль, иллюстрация, вид 3D-рендера, размытие, низкое разрешение;генерация;"Генерация по промпту; за основу — готовый снимок кадра F01671 (тот же ракурс, свет, фон), меняется только отличие подкадра.";photos/F01671-b.webp
F01671-c;F01671;4;23724;Цепи;Цепь круглозвенная;цепь круглозвенная;"тип — не указан; у позиций разные: материал";цепь круглозвенная;;;свой снимок;6;"Фотореалистичная предметная фотография для каталога. Подкадр F01671-c (6 из 68 позиций кадра F01671). Отличие от соседних подкадров: тип — не указан; у позиций разные: материал. Что в кадре: цепь круглозвенная. Как выглядит: приводная роликовая цепь: стальные пластины, валики и ролики, отрезок уложен плавной дугой, металл с масляным блеском. По данным позиций кадра: материал — низкоуглеродистая сталь, оцинкованная сталь, сталь (67 %); конструкция — круглозвенная; исполнение — калиброванная. Ракурс и композиция: 3/4 немного сверху, изделие целиком по центру, занимает около 70 % кадра; отрезок цепи уложен плавной S-образной дугой. Фон: светлый нейтральный бесшовный #F4F6F9 без текстуры и горизонта. Свет: мягкий студийный из большого софтбокса, мягкая тень под предметом, резкость по всему предмету. Не должно быть: чужих логотипов, названий заводов и брендов, водяных знаков, надписей и любого текста, людей и рук, лишних предметов. Итог: квадрат 1200×1200 px, WebP.";"Photorealistic catalog product photo. Round link chain. Roller chain, steel plates, pins and rollers, a length laid in a gentle curve, oily metal sheen. Material: galvanised steel, zinc-plated; design: round link. Three-quarter view from slightly above, whole item centred, filling about 70% of the frame; chain length laid in a gentle S-curve. Plain seamless light neutral background #F4F6F9, no texture, no horizon line. Soft large-softbox studio lighting, soft contact shadow underneath, sharp focus across the whole item, photorealistic e-commerce catalog product photo, high detail, 85mm lens look, square 1:1, 1200x1200.";broken links, rust, sprockets, text, letters, numbers, logo, brand name, manufacturer marking, watermark, printed label, people, hands, faces, multiple products, cluttered background, props, distorted geometry, extra parts, cartoon, illustration, CGI look, blur, low resolution;разорванные звенья, ржавчина, звездочки, текст, буквы, цифры, логотип, бренд, заводская маркировка, водяной знак, этикетка с надписями, люди, руки, лица, несколько предметов, захламленный фон, реквизит, искаженная геометрия, лишние детали, мультяшный стиль, иллюстрация, вид 3D-рендера, размытие, низкое разрешение;генерация;"Генерация по промпту; за основу — готовый снимок кадра F01671 (тот же ракурс, свет, фон), меняется только отличие подкадра.";photos/F01671-c.webp
F01748-a;F01748;3;8486;Цепи;Цепь тяговая;цепь тяговая;"тип — вильчатая; материал — сталь";цепь тяговая;вильчатая;сталь;свой снимок;19;"Фотореалистичная предметная фотография для каталога. Подкадр F01748-a (19 из 65 позиций кадра F01748). Отличие от соседних подкадров: тип — вильчатая; материал — сталь. Что в кадре: цепь тяговая, вильчатая, сталь. Как выглядит: приводная роликовая цепь: стальные пластины, валики и ролики, отрезок уложен плавной дугой, металл с масляным блеском. По данным позиций кадра: материал — сталь; рядность — однорядная; конструкция — вильчатая; исполнение — разборная. Ракурс и композиция: 3/4 немного сверху, изделие целиком по центру, занимает около 70 % кадра; отрезок цепи уложен плавной S-образной дугой. Фон: светлый нейтральный бесшовный #F4F6F9 без текстуры и горизонта. Свет: мягкий студийный из большого софтбокса, мягкая тень под предметом, резкость по всему предмету. Не должно быть: чужих логотипов, названий заводов и брендов, водяных знаков, надписей и любого текста, людей и рук, лишних предметов. Итог: квадрат 1200×1200 px, WebP.";"Photorealistic catalog product photo. Distinctive for this variant: material steel. Traction chain. Roller chain, steel plates, pins and rollers, a length laid in a gentle curve, oily metal sheen. Material: steel. Three-quarter view from slightly above, whole item centred, filling about 70% of the frame; chain length laid in a gentle S-curve. Plain seamless light neutral background #F4F6F9, no texture, no horizon line. Soft large-softbox studio lighting, soft contact shadow underneath, sharp focus across the whole item, photorealistic e-commerce catalog product photo, high detail, 85mm lens look, square 1:1, 1200x1200.";broken links, rust, sprockets, text, letters, numbers, logo, brand name, manufacturer marking, watermark, printed label, people, hands, faces, multiple products, cluttered background, props, distorted geometry, extra parts, cartoon, illustration, CGI look, blur, low resolution;разорванные звенья, ржавчина, звездочки, текст, буквы, цифры, логотип, бренд, заводская маркировка, водяной знак, этикетка с надписями, люди, руки, лица, несколько предметов, захламленный фон, реквизит, искаженная геометрия, лишние детали, мультяшный стиль, иллюстрация, вид 3D-рендера, размытие, низкое разрешение;генерация;"Генерация по промпту; за основу — готовый снимок кадра F01748 (тот же ракурс, свет, фон), меняется только отличие подкадра.";photos/F01748-a.webp
F01748-b;F01748;3;13147;Цепи;Цепь тяговая;цепь тяговая;"тип — катковая, пластинчатая; материал — сталь";цепь тяговая;катковая, пластинчатая;сталь;свой снимок;12;"Фотореалистичная предметная фотография для каталога. Подкадр F01748-b (12 из 65 позиций кадра F01748). Отличие от соседних подкадров: тип — катковая, пластинчатая; материал — сталь. Что в кадре: цепь тяговая, катковая, пластинчатая, сталь. Как выглядит: приводная роликовая цепь: стальные пластины, валики и ролики, отрезок уложен плавной дугой, металл с масляным блеском. По данным позиций кадра: материал — сталь; рядность — однорядная; конструкция — катковая, пластинчатая; исполнение — с гладкими катками, с подшипниками скольжения. Ракурс и композиция: 3/4 немного сверху, изделие целиком по центру, занимает около 70 % кадра; отрезок цепи уложен плавной S-образной дугой. Фон: светлый нейтральный бесшовный #F4F6F9 без текстуры и горизонта. Свет: мягкий студийный из большого софтбокса, мягкая тень под предметом, резкость по всему предмету. Не должно быть: чужих логотипов, названий заводов и брендов, водяных знаков, надписей и любого текста, людей и рук, лишних предметов. Итог: квадрат 1200×1200 px, WebP.";"Photorealistic catalog product photo. Distinctive for this variant: material steel. Traction chain. Roller chain, steel plates, pins and rollers, a length laid in a gentle curve, oily metal sheen. Material: steel. Three-quarter view from slightly above, whole item centred, filling about 70% of the frame; chain length laid in a gentle S-curve. Plain seamless light neutral background #F4F6F9, no texture, no horizon line. Soft large-softbox studio lighting, soft contact shadow underneath, sharp focus across the whole item, photorealistic e-commerce catalog product photo, high detail, 85mm lens look, square 1:1, 1200x1200.";broken links, rust, sprockets, text, letters, numbers, logo, brand name, manufacturer marking, watermark, printed label, people, hands, faces, multiple products, cluttered background, props, distorted geometry, extra parts, cartoon, illustration, CGI look, blur, low resolution;разорванные звенья, ржавчина, звездочки, текст, буквы, цифры, логотип, бренд, заводская маркировка, водяной знак, этикетка с надписями, люди, руки, лица, несколько предметов, захламленный фон, реквизит, искаженная геометрия, лишние детали, мультяшный стиль, иллюстрация, вид 3D-рендера, размытие, низкое разрешение;генерация;"Генерация по промпту; за основу — готовый снимок кадра F01748 (тот же ракурс, свет, фон), меняется только отличие подкадра.";photos/F01748-b.webp
F01748-c;F01748;3;15350;Цепи;Цепь тяговая;цепь тяговая;"тип — пластинчатая, роликовая; материал — нержавеющая сталь";цепь тяговая;пластинчатая, роликовая;нержавеющая сталь;свой снимок;10;"Фотореалистичная предметная фотография для каталога. Подкадр F01748-c (10 из 65 позиций кадра F01748). Отличие от соседних подкадров: тип — пластинчатая, роликовая; материал — нержавеющая сталь. Что в кадре: цепь тяговая, пластинчатая, роликовая, нержавеющая сталь. Как выглядит: приводная роликовая цепь: стальные пластины, валики и ролики, отрезок уложен плавной дугой, металл с масляным блеском. По данным позиций кадра: материал — нержавеющая сталь, сталь; рядность — однорядная; конструкция — пластинчатая, роликовая. Ракурс и композиция: 3/4 немного сверху, изделие целиком по центру, занимает около 70 % кадра; отрезок цепи уложен плавной S-образной дугой. Фон: светлый нейтральный бесшовный #F4F6F9 без текстуры и горизонта. Свет: мягкий студийный из большого софтбокса, мягкая тень под предметом, резкость по всему предмету. Не должно быть: чужих логотипов, названий заводов и брендов, водяных знаков, надписей и любого текста, людей и рук, лишних предметов. Итог: квадрат 1200×1200 px, WebP.";"Photorealistic catalog product photo. Distinctive for this variant: material stainless steel. Traction chain. Roller chain, steel plates, pins and rollers, a length laid in a gentle curve, oily metal sheen. Material: stainless steel. Three-quarter view from slightly above, whole item centred, filling about 70% of the frame; chain length laid in a gentle S-curve. Plain seamless light neutral background #F4F6F9, no texture, no horizon line. Soft large-softbox studio lighting, soft contact shadow underneath, sharp focus across the whole item, photorealistic e-commerce catalog product photo, high detail, 85mm lens look, square 1:1, 1200x1200.";broken links, rust, sprockets, text, letters, numbers, logo, brand name, manufacturer marking, watermark, printed label, people, hands, faces, multiple products, cluttered background, props, distorted geometry, extra parts, cartoon, illustration, CGI look, blur, low resolution;разорванные звенья, ржавчина, звездочки, текст, буквы, цифры, логотип, бренд, заводская маркировка, водяной знак, этикетка с надписями, люди, руки, лица, несколько предметов, захламленный фон, реквизит, искаженная геометрия, лишние детали, мультяшный стиль, иллюстрация, вид 3D-рендера, размытие, низкое разрешение;генерация;"Генерация по промпту; за основу — готовый снимок кадра F01748 (тот же ракурс, свет, фон), меняется только отличие подкадра.";photos/F01748-c.webp
F01748-d;F01748;3;16719;Цепи;Цепь тяговая;цепь тяговая;"тип — втулочная, пластинчатая; материал — нержавеющая сталь";цепь тяговая;втулочная, пластинчатая;нержавеющая сталь;свой снимок;9;"Фотореалистичная предметная фотография для каталога. Подкадр F01748-d (9 из 65 позиций кадра F01748). Отличие от соседних подкадров: тип — втулочная, пластинчатая; материал — нержавеющая сталь. Что в кадре: цепь тяговая, втулочная, пластинчатая, нержавеющая сталь. Как выглядит: приводная роликовая цепь: стальные пластины, валики и ролики, отрезок уложен плавной дугой, металл с масляным блеском. По данным позиций кадра: материал — нержавеющая сталь, сталь; рядность — однорядная; конструкция — втулочная, пластинчатая. Ракурс и композиция: 3/4 немного сверху, изделие целиком по центру, занимает около 70 % кадра; отрезок цепи уложен плавной S-образной дугой. Фон: светлый нейтральный бесшовный #F4F6F9 без текстуры и горизонта. Свет: мягкий студийный из большого софтбокса, мягкая тень под предметом, резкость по всему предмету. Не должно быть: чужих логотипов, названий заводов и брендов, водяных знаков, надписей и любого текста, людей и рук, лишних предметов. Итог: квадрат 1200×1200 px, WebP.";"Photorealistic catalog product photo. Distinctive for this variant: material stainless steel. Traction chain. Roller chain, steel plates, pins and rollers, a length laid in a gentle curve, oily metal sheen. Material: stainless steel. Three-quarter view from slightly above, whole item centred, filling about 70% of the frame; chain length laid in a gentle S-curve. Plain seamless light neutral background #F4F6F9, no texture, no horizon line. Soft large-softbox studio lighting, soft contact shadow underneath, sharp focus across the whole item, photorealistic e-commerce catalog product photo, high detail, 85mm lens look, square 1:1, 1200x1200.";broken links, rust, sprockets, text, letters, numbers, logo, brand name, manufacturer marking, watermark, printed label, people, hands, faces, multiple products, cluttered background, props, distorted geometry, extra parts, cartoon, illustration, CGI look, blur, low resolution;разорванные звенья, ржавчина, звездочки, текст, буквы, цифры, логотип, бренд, заводская маркировка, водяной знак, этикетка с надписями, люди, руки, лица, несколько предметов, захламленный фон, реквизит, искаженная геометрия, лишние детали, мультяшный стиль, иллюстрация, вид 3D-рендера, размытие, низкое разрешение;генерация;"Генерация по промпту; за основу — готовый снимок кадра F01748 (тот же ракурс, свет, фон), меняется только отличие подкадра.";photos/F01748-d.webp
F01748-e;F01748;4;23791;Цепи;Цепь тяговая;цепь тяговая;"тип — втулочная, пластинчатая; материал — сталь";цепь тяговая;втулочная, пластинчатая;сталь;свой снимок;6;"Фотореалистичная предметная фотография для каталога. Подкадр F01748-e (6 из 65 позиций кадра F01748). Отличие от соседних подкадров: тип — втулочная, пластинчатая; материал — сталь. Что в кадре: цепь тяговая, втулочная, пластинчатая, сталь. Как выглядит: приводная роликовая цепь: стальные пластины, валики и ролики, отрезок уложен плавной дугой, металл с масляным блеском. По данным позиций кадра: материал — сталь; рядность — однорядная; конструкция — втулочная, пластинчатая; исполнение — разборная, с фиксированными валиками (67 %). Ракурс и композиция: 3/4 немного сверху, изделие целиком по центру, занимает около 70 % кадра; отрезок цепи уложен плавной S-образной дугой. Фон: светлый нейтральный бесшовный #F4F6F9 без текстуры и горизонта. Свет: мягкий студийный из большого софтбокса, мягкая тень под предметом, резкость по всему предмету. Не должно быть: чужих логотипов, названий заводов и брендов, водяных знаков, надписей и любого текста, людей и рук, лишних предметов. Итог: квадрат 1200×1200 px, WebP.";"Photorealistic catalog product photo. Distinctive for this variant: material steel. Traction chain. Roller chain, steel plates, pins and rollers, a length laid in a gentle curve, oily metal sheen. Material: steel. Three-quarter view from slightly above, whole item centred, filling about 70% of the frame; chain length laid in a gentle S-curve. Plain seamless light neutral background #F4F6F9, no texture, no horizon line. Soft large-softbox studio lighting, soft contact shadow underneath, sharp focus across the whole item, photorealistic e-commerce catalog product photo, high detail, 85mm lens look, square 1:1, 1200x1200.";broken links, rust, sprockets, text, letters, numbers, logo, brand name, manufacturer marking, watermark, printed label, people, hands, faces, multiple products, cluttered background, props, distorted geometry, extra parts, cartoon, illustration, CGI look, blur, low resolution;разорванные звенья, ржавчина, звездочки, текст, буквы, цифры, логотип, бренд, заводская маркировка, водяной знак, этикетка с надписями, люди, руки, лица, несколько предметов, захламленный фон, реквизит, искаженная геометрия, лишние детали, мультяшный стиль, иллюстрация, вид 3D-рендера, размытие, низкое разрешение;генерация;"Генерация по промпту; за основу — готовый снимок кадра F01748 (тот же ракурс, свет, фон), меняется только отличие подкадра.";photos/F01748-e.webp
F01748-f;F01748;5;26826;Цепи;Цепь тяговая;цепь тяговая;"тип — скребковая; материал — сталь";цепь тяговая;скребковая;сталь;свой снимок;5;"Фотореалистичная предметная фотография для каталога. Подкадр F01748-f (5 из 65 позиций кадра F01748). Отличие от соседних подкадров: тип — скребковая; материал — сталь. Что в кадре: цепь тяговая, скребковая, сталь. Как выглядит: приводная роликовая цепь: стальные пластины, валики и ролики, отрезок уложен плавной дугой, металл с масляным блеском. По данным позиций кадра: материал — сталь; рядность — однорядная; конструкция — скребковая. Ракурс и композиция: 3/4 немного сверху, изделие целиком по центру, занимает около 70 % кадра; отрезок цепи уложен плавной S-образной дугой. Фон: светлый нейтральный бесшовный #F4F6F9 без текстуры и горизонта. Свет: мягкий студийный из большого софтбокса, мягкая тень под предметом, резкость по всему предмету. Не должно быть: чужих логотипов, названий заводов и брендов, водяных знаков, надписей и любого текста, людей и рук, лишних предметов. Итог: квадрат 1200×1200 px, WebP.";"Photorealistic catalog product photo. Distinctive for this variant: material steel. Traction chain. Roller chain, steel plates, pins and rollers, a length laid in a gentle curve, oily metal sheen. Material: steel. Three-quarter view from slightly above, whole item centred, filling about 70% of the frame; chain length laid in a gentle S-curve. Plain seamless light neutral background #F4F6F9, no texture, no horizon line. Soft large-softbox studio lighting, soft contact shadow underneath, sharp focus across the whole item, photorealistic e-commerce catalog product photo, high detail, 85mm lens look, square 1:1, 1200x1200.";broken links, rust, sprockets, text, letters, numbers, logo, brand name, manufacturer marking, watermark, printed label, people, hands, faces, multiple products, cluttered background, props, distorted geometry, extra parts, cartoon, illustration, CGI look, blur, low resolution;разорванные звенья, ржавчина, звездочки, текст, буквы, цифры, логотип, бренд, заводская маркировка, водяной знак, этикетка с надписями, люди, руки, лица, несколько предметов, захламленный фон, реквизит, искаженная геометрия, лишние детали, мультяшный стиль, иллюстрация, вид 3D-рендера, размытие, низкое разрешение;генерация;"Генерация по промпту; за основу — готовый снимок кадра F01748 (тот же ракурс, свет, фон), меняется только отличие подкадра.";photos/F01748-f.webp
F01748-g;F01748;5;27789;Цепи;Цепь тяговая;цепь тяговая;прочие позиции кадра;;;;прочие позиции кадра — снимок кадра;4;"Фотореалистичная предметная фотография для каталога. Подкадр F01748-g — прочие позиции кадра F01748 (4 из 65), у которых нет общего заметного отличия от остальных 6 подкадров кадра; снимок как у кадра F01748. Что в кадре: цепь тяговая. Как выглядит: приводная роликовая цепь: стальные пластины, валики и ролики, отрезок уложен плавной дугой, металл с масляным блеском. По данным позиций кадра: материал — сталь; рядность — однорядная; конструкция — пластинчатая (50 %). Ракурс и композиция: 3/4 немного сверху, изделие целиком по центру, занимает около 70 % кадра; отрезок цепи уложен плавной S-образной дугой. Фон: светлый нейтральный бесшовный #F4F6F9 без текстуры и горизонта. Свет: мягкий студийный из большого софтбокса, мягкая тень под предметом, резкость по всему предмету. Не должно быть: чужих логотипов, названий заводов и брендов, водяных знаков, надписей и любого текста, людей и рук, лишних предметов. Итог: квадрат 1200×1200 px, WebP.";"Photorealistic catalog product photo. Traction chain. Roller chain, steel plates, pins and rollers, a length laid in a gentle curve, oily metal sheen. Material: steel. Three-quarter view from slightly above, whole item centred, filling about 70% of the frame; chain length laid in a gentle S-curve. Plain seamless light neutral background #F4F6F9, no texture, no horizon line. Soft large-softbox studio lighting, soft contact shadow underneath, sharp focus across the whole item, photorealistic e-commerce catalog product photo, high detail, 85mm lens look, square 1:1, 1200x1200.";broken links, rust, sprockets, text, letters, numbers, logo, brand name, manufacturer marking, watermark, printed label, people, hands, faces, multiple products, cluttered background, props, distorted geometry, extra parts, cartoon, illustration, CGI look, blur, low resolution;разорванные звенья, ржавчина, звездочки, текст, буквы, цифры, логотип, бренд, заводская маркировка, водяной знак, этикетка с надписями, люди, руки, лица, несколько предметов, захламленный фон, реквизит, искаженная геометрия, лишние детали, мультяшный стиль, иллюстрация, вид 3D-рендера, размытие, низкое разрешение;снимок кадра;Отдельный снимок не нужен: на эти позиции встает снимок кадра F01748 (файл photos/F01748.webp).;— (используется photos/F01748.webp)
F02366-a;F02366;2;3354;Цепи;Цепь гусеничная;цепь гусеничная;весь кадр;;;;весь кадр — снимок кадра;47;"Фотореалистичная предметная фотография для каталога. Подкадр F02366-a — весь кадр F02366 (47 поз.): позиций мало или на фото они одинаковы. Что в кадре: цепь гусеничная. Как выглядит: приводная роликовая цепь: стальные пластины, валики и ролики, отрезок уложен плавной дугой, металл с масляным блеском. По данным позиций кадра: материал — сталь; рядность — однорядная; конструкция — втулочная, пластинчатая, роликовая; исполнение — с закрытым шарниром, с консистентной смазкой (60 %). Ракурс и композиция: 3/4 немного сверху, изделие целиком по центру, занимает около 70 % кадра; отрезок цепи уложен плавной S-образной дугой. Фон: светлый нейтральный бесшовный #F4F6F9 без текстуры и горизонта. Свет: мягкий студийный из большого софтбокса, мягкая тень под предметом, резкость по всему предмету. Не должно быть: чужих логотипов, названий заводов и брендов, водяных знаков, надписей и любого текста, людей и рук, лишних предметов. Итог: квадрат 1200×1200 px, WebP.";"Photorealistic catalog product photo. Tracked chain. Roller chain, steel plates, pins and rollers, a length laid in a gentle curve, oily metal sheen. Material: steel. Three-quarter view from slightly above, whole item centred, filling about 70% of the frame; chain length laid in a gentle S-curve. Plain seamless light neutral background #F4F6F9, no texture, no horizon line. Soft large-softbox studio lighting, soft contact shadow underneath, sharp focus across the whole item, photorealistic e-commerce catalog product photo, high detail, 85mm lens look, square 1:1, 1200x1200.";broken links, rust, sprockets, text, letters, numbers, logo, brand name, manufacturer marking, watermark, printed label, people, hands, faces, multiple products, cluttered background, props, distorted geometry, extra parts, cartoon, illustration, CGI look, blur, low resolution;разорванные звенья, ржавчина, звездочки, текст, буквы, цифры, логотип, бренд, заводская маркировка, водяной знак, этикетка с надписями, люди, руки, лица, несколько предметов, захламленный фон, реквизит, искаженная геометрия, лишние детали, мультяшный стиль, иллюстрация, вид 3D-рендера, размытие, низкое разрешение;снимок кадра;Отдельный снимок не нужен: на эти позиции встает снимок кадра F02366 (файл photos/F02366.webp).;— (используется photos/F02366.webp)
F02795-a;F02795;3;10721;Цепи;Цепь;цепь;"вид изделия — цепь; тип — роликовая; материал — сталь";цепь;роликовая;сталь;свой снимок;15;"Фотореалистичная предметная фотография для каталога. Подкадр F02795-a (15 из 35 позиций кадра F02795). Отличие от соседних подкадров: вид изделия — цепь; тип — роликовая; материал — сталь. Что в кадре: цепь, роликовая, сталь. Как выглядит: приводная роликовая цепь: стальные пластины, валики и ролики, отрезок уложен плавной дугой, металл с масляным блеском. По данным позиций кадра: материал — сталь; рядность — однорядная; конструкция — роликовая; исполнение — специальная (73 %). Ракурс и композиция: 3/4 немного сверху, изделие целиком по центру, занимает около 70 % кадра; отрезок цепи уложен плавной S-образной дугой. Фон: светлый нейтральный бесшовный #F4F6F9 без текстуры и горизонта. Свет: мягкий студийный из большого софтбокса, мягкая тень под предметом, резкость по всему предмету. Не должно быть: чужих логотипов, названий заводов и брендов, водяных знаков, надписей и любого текста, людей и рук, лишних предметов. Итог: квадрат 1200×1200 px, WebP.";"Photorealistic catalog product photo. Distinctive for this variant: chain; type roller; material steel. Chain. Roller chain, steel plates, pins and rollers, a length laid in a gentle curve, oily metal sheen. Material: steel; design: roller. Three-quarter view from slightly above, whole item centred, filling about 70% of the frame; chain length laid in a gentle S-curve. Plain seamless light neutral background #F4F6F9, no texture, no horizon line. Soft large-softbox studio lighting, soft contact shadow underneath, sharp focus across the whole item, photorealistic e-commerce catalog product photo, high detail, 85mm lens look, square 1:1, 1200x1200.";broken links, rust, sprockets, text, letters, numbers, logo, brand name, manufacturer marking, watermark, printed label, people, hands, faces, multiple products, cluttered background, props, distorted geometry, extra parts, cartoon, illustration, CGI look, blur, low resolution;разорванные звенья, ржавчина, звездочки, текст, буквы, цифры, логотип, бренд, заводская маркировка, водяной знак, этикетка с надписями, люди, руки, лица, несколько предметов, захламленный фон, реквизит, искаженная геометрия, лишние детали, мультяшный стиль, иллюстрация, вид 3D-рендера, размытие, низкое разрешение;генерация;"Генерация по промпту; за основу — готовый снимок кадра F02795 (тот же ракурс, свет, фон), меняется только отличие подкадра.";photos/F02795-a.webp
F02795-b;F02795;3;19259;Цепи;Цепь;цепь;"вид изделия — цепь; материал — сталь";цепь;;сталь;свой снимок;8;"Фотореалистичная предметная фотография для каталога. Подкадр F02795-b (8 из 35 позиций кадра F02795). Отличие от соседних подкадров: вид изделия — цепь; материал — сталь. Что в кадре: цепь, сталь. Как выглядит: приводная роликовая цепь: стальные пластины, валики и ролики, отрезок уложен плавной дугой, металл с масляным блеском. По данным позиций кадра: материал — сталь. Ракурс и композиция: 3/4 немного сверху, изделие целиком по центру, занимает около 70 % кадра; отрезок цепи уложен плавной S-образной дугой. Фон: светлый нейтральный бесшовный #F4F6F9 без текстуры и горизонта. Свет: мягкий студийный из большого софтбокса, мягкая тень под предметом, резкость по всему предмету. Не должно быть: чужих логотипов, названий заводов и брендов, водяных знаков, надписей и любого текста, людей и рук, лишних предметов. Итог: квадрат 1200×1200 px, WebP.";"Photorealistic catalog product photo. Distinctive for this variant: chain; material steel. Chain. Roller chain, steel plates, pins and rollers, a length laid in a gentle curve, oily metal sheen. Material: steel. Three-quarter view from slightly above, whole item centred, filling about 70% of the frame; chain length laid in a gentle S-curve. Plain seamless light neutral background #F4F6F9, no texture, no horizon line. Soft large-softbox studio lighting, soft contact shadow underneath, sharp focus across the whole item, photorealistic e-commerce catalog product photo, high detail, 85mm lens look, square 1:1, 1200x1200.";broken links, rust, sprockets, text, letters, numbers, logo, brand name, manufacturer marking, watermark, printed label, people, hands, faces, multiple products, cluttered background, props, distorted geometry, extra parts, cartoon, illustration, CGI look, blur, low resolution;разорванные звенья, ржавчина, звездочки, текст, буквы, цифры, логотип, бренд, заводская маркировка, водяной знак, этикетка с надписями, люди, руки, лица, несколько предметов, захламленный фон, реквизит, искаженная геометрия, лишние детали, мультяшный стиль, иллюстрация, вид 3D-рендера, размытие, низкое разрешение;генерация;"Генерация по промпту; за основу — готовый снимок кадра F02795 (тот же ракурс, свет, фон), меняется только отличие подкадра.";photos/F02795-b.webp
F02795-c;F02795;4;21092;Цепи;Цепь;цепь;прочие позиции кадра;;;;прочие позиции кадра — снимок кадра;7;"Фотореалистичная предметная фотография для каталога. Подкадр F02795-c — прочие позиции кадра F02795 (7 из 35), у которых нет общего заметного отличия от остальных 3 подкадров кадра; снимок как у кадра F02795. Что в кадре: цепь. Как выглядит: приводная роликовая цепь: стальные пластины, валики и ролики, отрезок уложен плавной дугой, металл с масляным блеском. По данным позиций кадра: материал — оцинкованная сталь, сталь (43 %); конструкция — витая (67 %); исполнение — в оболочке из пвх (60 %). Ракурс и композиция: 3/4 немного сверху, изделие целиком по центру, занимает около 70 % кадра; отрезок цепи уложен плавной S-образной дугой. Фон: светлый нейтральный бесшовный #F4F6F9 без текстуры и горизонта. Свет: мягкий студийный из большого софтбокса, мягкая тень под предметом, резкость по всему предмету. Не должно быть: чужих логотипов, названий заводов и брендов, водяных знаков, надписей и любого текста, людей и рук, лишних предметов. Итог: квадрат 1200×1200 px, WebP.";"Photorealistic catalog product photo. Chain. Roller chain, steel plates, pins and rollers, a length laid in a gentle curve, oily metal sheen. Material: galvanised steel, zinc-plated. Three-quarter view from slightly above, whole item centred, filling about 70% of the frame; chain length laid in a gentle S-curve. Plain seamless light neutral background #F4F6F9, no texture, no horizon line. Soft large-softbox studio lighting, soft contact shadow underneath, sharp focus across the whole item, photorealistic e-commerce catalog product photo, high detail, 85mm lens look, square 1:1, 1200x1200.";broken links, rust, sprockets, text, letters, numbers, logo, brand name, manufacturer marking, watermark, printed label, people, hands, faces, multiple products, cluttered background, props, distorted geometry, extra parts, cartoon, illustration, CGI look, blur, low resolution;разорванные звенья, ржавчина, звездочки, текст, буквы, цифры, логотип, бренд, заводская маркировка, водяной знак, этикетка с надписями, люди, руки, лица, несколько предметов, захламленный фон, реквизит, искаженная геометрия, лишние детали, мультяшный стиль, иллюстрация, вид 3D-рендера, размытие, низкое разрешение;снимок кадра;Отдельный снимок не нужен: на эти позиции встает снимок кадра F02795 (файл photos/F02795.webp).;— (используется photos/F02795.webp)
F02795-d;F02795;5;27279;Цепи;Цепь;цепь;"вид изделия — цепь длиннозвенная; у позиций разные: тип, материал";цепь длиннозвенная;;;свой снимок;5;"Фотореалистичная предметная фотография для каталога. Подкадр F02795-d (5 из 35 позиций кадра F02795). Отличие от соседних подкадров: вид изделия — цепь длиннозвенная; у позиций разные: тип, материал. Что в кадре: цепь, цепь длиннозвенная. Как выглядит: приводная роликовая цепь: стальные пластины, валики и ролики, отрезок уложен плавной дугой, металл с масляным блеском. По данным позиций кадра: материал — сталь (80 %); исполнение — длиннозвенная. Ракурс и композиция: 3/4 немного сверху, изделие целиком по центру, занимает около 70 % кадра; отрезок цепи уложен плавной S-образной дугой. Фон: светлый нейтральный бесшовный #F4F6F9 без текстуры и горизонта. Свет: мягкий студийный из большого софтбокса, мягкая тень под предметом, резкость по всему предмету. Не должно быть: чужих логотипов, названий заводов и брендов, водяных знаков, надписей и любого текста, людей и рук, лишних предметов. Итог: квадрат 1200×1200 px, WebP.";"Photorealistic catalog product photo. Chain. Roller chain, steel plates, pins and rollers, a length laid in a gentle curve, oily metal sheen. Material: steel. Three-quarter view from slightly above, whole item centred, filling about 70% of the frame; chain length laid in a gentle S-curve. Plain seamless light neutral background #F4F6F9, no texture, no horizon line. Soft large-softbox studio lighting, soft contact shadow underneath, sharp focus across the whole item, photorealistic e-commerce catalog product photo, high detail, 85mm lens look, square 1:1, 1200x1200.";broken links, rust, sprockets, text, letters, numbers, logo, brand name, manufacturer marking, watermark, printed label, people, hands, faces, multiple products, cluttered background, props, distorted geometry, extra parts, cartoon, illustration, CGI look, blur, low resolution;разорванные звенья, ржавчина, звездочки, текст, буквы, цифры, логотип, бренд, заводская маркировка, водяной знак, этикетка с надписями, люди, руки, лица, несколько предметов, захламленный фон, реквизит, искаженная геометрия, лишние детали, мультяшный стиль, иллюстрация, вид 3D-рендера, размытие, низкое разрешение;генерация;"Генерация по промпту; за основу — готовый снимок кадра F02795 (тот же ракурс, свет, фон), меняется только отличие подкадра.";photos/F02795-d.webp
F02992-a;F02992;2;6327;Цепи;Цепь вариаторная;цепь вариаторная;весь кадр;;;;весь кадр — снимок кадра;26;"Фотореалистичная предметная фотография для каталога. Подкадр F02992-a — весь кадр F02992 (26 поз.): позиций мало или на фото они одинаковы. Что в кадре: цепь вариаторная. Как выглядит: приводная роликовая цепь: стальные пластины, валики и ролики, отрезок уложен плавной дугой, металл с масляным блеском. По данным позиций кадра: материал — сталь; рядность — многорядная; конструкция — пластинчатая. Ракурс и композиция: 3/4 немного сверху, изделие целиком по центру, занимает около 70 % кадра; отрезок цепи уложен плавной S-образной дугой. Фон: светлый нейтральный бесшовный #F4F6F9 без текстуры и горизонта. Свет: мягкий студийный из большого софтбокса, мягкая тень под предметом, резкость по всему предмету. Не должно быть: чужих логотипов, названий заводов и брендов, водяных знаков, надписей и любого текста, людей и рук, лишних предметов. Итог: квадрат 1200×1200 px, WebP.";"Photorealistic catalog product photo. Variable-speed chain. Roller chain, steel plates, pins and rollers, a length laid in a gentle curve, oily metal sheen. Material: steel. Three-quarter view from slightly above, whole item centred, filling about 70% of the frame; chain length laid in a gentle S-curve. Plain seamless light neutral background #F4F6F9, no texture, no horizon line. Soft large-softbox studio lighting, soft contact shadow underneath, sharp focus across the whole item, photorealistic e-commerce catalog product photo, high detail, 85mm lens look, square 1:1, 1200x1200.";broken links, rust, sprockets, text, letters, numbers, logo, brand name, manufacturer marking, watermark, printed label, people, hands, faces, multiple products, cluttered background, props, distorted geometry, extra parts, cartoon, illustration, CGI look, blur, low resolution;разорванные звенья, ржавчина, звездочки, текст, буквы, цифры, логотип, бренд, заводская маркировка, водяной знак, этикетка с надписями, люди, руки, лица, несколько предметов, захламленный фон, реквизит, искаженная геометрия, лишние детали, мультяшный стиль, иллюстрация, вид 3D-рендера, размытие, низкое разрешение;снимок кадра;Отдельный снимок не нужен: на эти позиции встает снимок кадра F02992 (файл photos/F02992.webp).;— (используется photos/F02992.webp)
F03768-a;F03768;4;24735;Цепи;"Транспортер зернового (самое частое в группе); группа «Цепи ГОСТ 4267-78»";изделия группы «Цепи ГОСТ 4267-78»;вид изделия — транспортер зернового;транспортер зернового;роликовая, скребковая;сталь;свой снимок;6;"Фотореалистичная предметная фотография для каталога. Подкадр F03768-a (6 из 10 позиций кадра F03768). Отличие от соседних подкадров: вид изделия — транспортер зернового. Что в кадре: типичное изделие группы «Цепи ГОСТ 4267-78» — транспортер зернового (самое частое в группе). Как выглядит: транспортер: ленточный конвейер на раме. По данным позиций кадра: материал — сталь; рядность — однорядная; конструкция — роликовая, скребковая; исполнение — длиннозвенная. Ракурс и композиция: 3/4 немного сверху, изделие целиком по центру, занимает около 70 % кадра. Фон: светлый нейтральный бесшовный #F4F6F9 без текстуры и горизонта. Свет: мягкий студийный из большого софтбокса, мягкая тень под предметом, резкость по всему предмету. Не должно быть: чужих логотипов, названий заводов и брендов, водяных знаков, надписей и любого текста, людей и рук, лишних предметов. Итог: квадрат 1200×1200 px, WebP.";Photorealistic catalog product photo. Typical industrial product. Belt conveyor on a frame. Material: steel. Three-quarter view from slightly above, whole item centred, filling about 70% of the frame. Plain seamless light neutral background #F4F6F9, no texture, no horizon line. Soft large-softbox studio lighting, soft contact shadow underneath, sharp focus across the whole item, photorealistic e-commerce catalog product photo, high detail, 85mm lens look, square 1:1, 1200x1200.;text, letters, numbers, logo, brand name, manufacturer marking, watermark, printed label, people, hands, faces, multiple products, cluttered background, props, distorted geometry, extra parts, cartoon, illustration, CGI look, blur, low resolution;текст, буквы, цифры, логотип, бренд, заводская маркировка, водяной знак, этикетка с надписями, люди, руки, лица, несколько предметов, захламленный фон, реквизит, искаженная геометрия, лишние детали, мультяшный стиль, иллюстрация, вид 3D-рендера, размытие, низкое разрешение;генерация;"Генерация по промпту; за основу — готовый снимок кадра F03768 (тот же ракурс, свет, фон), меняется только отличие подкадра.";photos/F03768-a.webp
F03768-b;F03768;5;27975;Цепи;"Транспортер зернового (самое частое в группе); группа «Цепи ГОСТ 4267-78»";изделия группы «Цепи ГОСТ 4267-78»;прочие позиции кадра;;;;прочие позиции кадра — снимок кадра;4;"Фотореалистичная предметная фотография для каталога. Подкадр F03768-b — прочие позиции кадра F03768 (4 из 10), у которых нет общего заметного отличия от остальных 1 подкадров кадра; снимок как у кадра F03768. Что в кадре: типичное изделие группы «Цепи ГОСТ 4267-78» — транспортер зернового (самое частое в группе). Как выглядит: транспортер: ленточный конвейер на раме. По данным позиций кадра: материал — сталь; рядность — однорядная; конструкция — роликовая, скребковая; исполнение — длиннозвенная. Ракурс и композиция: 3/4 немного сверху, изделие целиком по центру, занимает около 70 % кадра. Фон: светлый нейтральный бесшовный #F4F6F9 без текстуры и горизонта. Свет: мягкий студийный из большого софтбокса, мягкая тень под предметом, резкость по всему предмету. Не должно быть: чужих логотипов, названий заводов и брендов, водяных знаков, надписей и любого текста, людей и рук, лишних предметов. Итог: квадрат 1200×1200 px, WebP.";Photorealistic catalog product photo. Typical industrial product. Belt conveyor on a frame. Material: steel. Three-quarter view from slightly above, whole item centred, filling about 70% of the frame. Plain seamless light neutral background #F4F6F9, no texture, no horizon line. Soft large-softbox studio lighting, soft contact shadow underneath, sharp focus across the whole item, photorealistic e-commerce catalog product photo, high detail, 85mm lens look, square 1:1, 1200x1200.;text, letters, numbers, logo, brand name, manufacturer marking, watermark, printed label, people, hands, faces, multiple products, cluttered background, props, distorted geometry, extra parts, cartoon, illustration, CGI look, blur, low resolution;текст, буквы, цифры, логотип, бренд, заводская маркировка, водяной знак, этикетка с надписями, люди, руки, лица, несколько предметов, захламленный фон, реквизит, искаженная геометрия, лишние детали, мультяшный стиль, иллюстрация, вид 3D-рендера, размытие, низкое разрешение;снимок кадра;Отдельный снимок не нужен: на эти позиции встает снимок кадра F03768 (файл photos/F03768.webp).;— (используется photos/F03768.webp)
F03895-a;F03895;5;27982;Цепи;"Звено соединительное (самое частое в группе); группа «Стальные цепи»";изделия группы «Стальные цепи»;весь кадр;;;;весь кадр — снимок кадра;4;Фотореалистичная предметная фотография для каталога. Подкадр F03895-a — весь кадр F03895 (4 поз.): позиций мало или на фото они одинаковы. Что в кадре: типичное изделие группы «Стальные цепи» — звено соединительное (самое частое в группе). Как выглядит: звено цепи: соединительное звено из стальных пластин и валиков. По данным позиций кадра: материал — сталь. Ракурс и композиция: 3/4 немного сверху, изделие целиком по центру, занимает около 70 % кадра. Фон: светлый нейтральный бесшовный #F4F6F9 без текстуры и горизонта. Свет: мягкий студийный из большого софтбокса, мягкая тень под предметом, резкость по всему предмету. Не должно быть: чужих логотипов, названий заводов и брендов, водяных знаков, надписей и любого текста, людей и рук, лишних предметов. Итог: квадрат 1200×1200 px, WebP.;Photorealistic catalog product photo. Typical industrial product. Chain connecting link, steel plates and pins. Material: steel. Three-quarter view from slightly above, whole item centred, filling about 70% of the frame. Plain seamless light neutral background #F4F6F9, no texture, no horizon line. Soft large-softbox studio lighting, soft contact shadow underneath, sharp focus across the whole item, photorealistic e-commerce catalog product photo, high detail, 85mm lens look, square 1:1, 1200x1200.;text, letters, numbers, logo, brand name, manufacturer marking, watermark, printed label, people, hands, faces, multiple products, cluttered background, props, distorted geometry, extra parts, cartoon, illustration, CGI look, blur, low resolution;текст, буквы, цифры, логотип, бренд, заводская маркировка, водяной знак, этикетка с надписями, люди, руки, лица, несколько предметов, захламленный фон, реквизит, искаженная геометрия, лишние детали, мультяшный стиль, иллюстрация, вид 3D-рендера, размытие, низкое разрешение;снимок кадра;Отдельный снимок не нужен: на эти позиции встает снимок кадра F03895 (файл photos/F03895.webp).;— (используется photos/F03895.webp)
