Код подкадра;Кадр (parent);Приоритет;Ранг;Раздел;Группа кадра (что на фото);Вид изделия;Отличие подкадра;тип;Тип подкадра;Позиций;Описание RU;Промпт EN;Негатив EN;Негатив RU;Референс-фото 1;Референс-фото 2;Референс-фото 3;Референс-фото 4;Референс-фото 5;Референс: пометка;Страница 1;Страница 2;Страница 3;Метод;Как сделать;Имя файла
F02541-a;F02541;3;11452;Теплотехника;группа «Обогреватели»;изделия группы «Обогреватели»;тип — тепловентилятор;тепловентилятор;свой снимок;14;"Фотореалистичная предметная фотография для каталога. Подкадр F02541-a (14 из 43 позиций кадра F02541). Отличие от соседних подкадров: тип — тепловентилятор. Что в кадре: типичное изделие группы «Обогреватели». Как выглядит: Обогреватели в типичном для этого вида исполнении; форму, пропорции и детали — как у типичного изделия этого вида. По данным позиций кадра: тип — тепловентилятор. Ракурс и композиция: 3/4 немного сверху, изделие целиком по центру, занимает около 70 % кадра. Фон: светлый нейтральный бесшовный #F4F6F9 без текстуры и горизонта. Свет: мягкий студийный из большого софтбокса, мягкая тень под предметом, резкость по всему предмету. Не должно быть: чужих логотипов, названий заводов и брендов, водяных знаков, надписей и любого текста, людей и рук, лишних предметов. Итог: квадрат 1200×1200 px, WebP.";Photorealistic catalog product photo. Typical product: heaters. Heaters in its typical standard design. Three-quarter view from slightly above, whole item centred, filling about 70% of the frame. Plain seamless light neutral background #F4F6F9, no texture, no horizon line. Soft large-softbox studio lighting, soft contact shadow underneath, sharp focus across the whole item, photorealistic e-commerce catalog product photo, high detail, 85mm lens look, square 1:1, 1200x1200.;text, letters, numbers, logo, brand name, manufacturer marking, watermark, printed label, people, hands, faces, multiple products, cluttered background, props, distorted geometry, extra parts, cartoon, illustration, CGI look, blur, low resolution;текст, буквы, цифры, логотип, бренд, заводская маркировка, водяной знак, этикетка с надписями, люди, руки, лица, несколько предметов, захламленный фон, реквизит, искаженная геометрия, лишние детали, мультяшный стиль, иллюстрация, вид 3D-рендера, размытие, низкое разрешение;https://backend.cable.ru/uploads/catalog/t03220-65dd8c182b1b4.jpg;https://backend.cable.ru/uploads/catalog/t05220-65dd8c18f0b48.jpg;https://backend.cable.ru/uploads/catalog/t06380-65dd8c19b7d4e.jpg;https://backend.cable.ru/uploads/catalog/t09380-65dd8c1a7f22c.jpg;https://backend.cable.ru/uploads/catalog/t12380-65dd8c1b44071.jpg;;https://cable.ru/thermotechnics/hintek_t_03220.php;https://cable.ru/thermotechnics/hintek_t_05220.php;https://cable.ru/thermotechnics/hintek_t_06380.php;генерация;"Генерация по промпту; за основу — готовый снимок кадра F02541 (тот же ракурс, свет, фон), меняется только отличие подкадра.";photos/F02541-a.webp
F02541-b;F02541;3;14228;Теплотехника;группа «Обогреватели»;изделия группы «Обогреватели»;тип — тепловая завеса;тепловая завеса;свой снимок;11;"Фотореалистичная предметная фотография для каталога. Подкадр F02541-b (11 из 43 позиций кадра F02541). Отличие от соседних подкадров: тип — тепловая завеса. Что в кадре: типичное изделие группы «Обогреватели». Как выглядит: Обогреватели в типичном для этого вида исполнении; форму, пропорции и детали — как у типичного изделия этого вида. По данным позиций кадра: тип — тепловая завеса. Ракурс и композиция: 3/4 немного сверху, изделие целиком по центру, занимает около 70 % кадра. Фон: светлый нейтральный бесшовный #F4F6F9 без текстуры и горизонта. Свет: мягкий студийный из большого софтбокса, мягкая тень под предметом, резкость по всему предмету. Не должно быть: чужих логотипов, названий заводов и брендов, водяных знаков, надписей и любого текста, людей и рук, лишних предметов. Итог: квадрат 1200×1200 px, WebP.";Photorealistic catalog product photo. Typical product: heaters. Heaters in its typical standard design. Three-quarter view from slightly above, whole item centred, filling about 70% of the frame. Plain seamless light neutral background #F4F6F9, no texture, no horizon line. Soft large-softbox studio lighting, soft contact shadow underneath, sharp focus across the whole item, photorealistic e-commerce catalog product photo, high detail, 85mm lens look, square 1:1, 1200x1200.;text, letters, numbers, logo, brand name, manufacturer marking, watermark, printed label, people, hands, faces, multiple products, cluttered background, props, distorted geometry, extra parts, cartoon, illustration, CGI look, blur, low resolution;текст, буквы, цифры, логотип, бренд, заводская маркировка, водяной знак, этикетка с надписями, люди, руки, лица, несколько предметов, захламленный фон, реквизит, искаженная геометрия, лишние детали, мультяшный стиль, иллюстрация, вид 3D-рендера, размытие, низкое разрешение;https://backend.cable.ru/uploads/catalog/img-8589-1-65dd8c209501f.jpg;https://backend.cable.ru/uploads/catalog/rs-0308-d-2-65dd8c08e6fb2.jpg;https://backend.cable.ru/uploads/catalog/img-8534-65dd8c1f3203d.jpg;https://backend.cable.ru/uploads/catalog/img-8473-65dd8c1fde5c1.jpg;https://backend.cable.ru/uploads/catalog/rm-05-10-65dd8c0990b38.jpg;;https://cable.ru/thermotechnics/hintek_rp_0915_3d_y.php;https://cable.ru/thermotechnics/hintek_rs_0308_d__ten.php;https://cable.ru/thermotechnics/hintek_rp_0306_d__stich.php;генерация;"Генерация по промпту; за основу — готовый снимок кадра F02541 (тот же ракурс, свет, фон), меняется только отличие подкадра.";photos/F02541-b.webp
F02541-c;F02541;3;16868;Теплотехника;группа «Обогреватели»;изделия группы «Обогреватели»;тип — конвектор;конвектор;свой снимок;9;"Фотореалистичная предметная фотография для каталога. Подкадр F02541-c (9 из 43 позиций кадра F02541). Отличие от соседних подкадров: тип — конвектор. Что в кадре: типичное изделие группы «Обогреватели». Как выглядит: Обогреватели в типичном для этого вида исполнении; форму, пропорции и детали — как у типичного изделия этого вида. По данным позиций кадра: тип — конвектор; исполнение — механический, напольный, настенный, энергосберегающие (67 %). Ракурс и композиция: 3/4 немного сверху, изделие целиком по центру, занимает около 70 % кадра. Фон: светлый нейтральный бесшовный #F4F6F9 без текстуры и горизонта. Свет: мягкий студийный из большого софтбокса, мягкая тень под предметом, резкость по всему предмету. Не должно быть: чужих логотипов, названий заводов и брендов, водяных знаков, надписей и любого текста, людей и рук, лишних предметов. Итог: квадрат 1200×1200 px, WebP.";Photorealistic catalog product photo. Typical product: heaters. Heaters in its typical standard design. Three-quarter view from slightly above, whole item centred, filling about 70% of the frame. Plain seamless light neutral background #F4F6F9, no texture, no horizon line. Soft large-softbox studio lighting, soft contact shadow underneath, sharp focus across the whole item, photorealistic e-commerce catalog product photo, high detail, 85mm lens look, square 1:1, 1200x1200.;text, letters, numbers, logo, brand name, manufacturer marking, watermark, printed label, people, hands, faces, multiple products, cluttered background, props, distorted geometry, extra parts, cartoon, illustration, CGI look, blur, low resolution;текст, буквы, цифры, логотип, бренд, заводская маркировка, водяной знак, этикетка с надписями, люди, руки, лица, несколько предметов, захламленный фон, реквизит, искаженная геометрия, лишние детали, мультяшный стиль, иллюстрация, вид 3D-рендера, размытие, низкое разрешение;https://backend.cable.ru/uploads/catalog/img-4724-65dd8c066f401.jpg;https://backend.cable.ru/uploads/catalog/20170207-144607-2-65dd8c23964d8.jpg;https://backend.cable.ru/uploads/catalog/img-4560-65dd8c05a359c.jpg;https://backend.cable.ru/uploads/catalog/img-4875-65dd8c081f542.jpg;https://backend.cable.ru/uploads/catalog/img-4781-65dd8c07539ee.jpg;;https://cable.ru/thermotechnics/hintek_ra_1000e.php;https://cable.ru/thermotechnics/hintek_ra_1000m.php;https://cable.ru/thermotechnics/hintek_ra_1500e.php;генерация;"Генерация по промпту; за основу — готовый снимок кадра F02541 (тот же ракурс, свет, фон), меняется только отличие подкадра.";photos/F02541-c.webp
F02541-d;F02541;3;16869;Теплотехника;группа «Обогреватели»;изделия группы «Обогреватели»;тип — тепловая пушка;тепловая пушка;свой снимок;9;"Фотореалистичная предметная фотография для каталога. Подкадр F02541-d (9 из 43 позиций кадра F02541). Отличие от соседних подкадров: тип — тепловая пушка. Что в кадре: типичное изделие группы «Обогреватели». Как выглядит: Обогреватели в типичном для этого вида исполнении; форму, пропорции и детали — как у типичного изделия этого вида. По данным позиций кадра: тип — тепловая пушка. Ракурс и композиция: 3/4 немного сверху, изделие целиком по центру, занимает около 70 % кадра. Фон: светлый нейтральный бесшовный #F4F6F9 без текстуры и горизонта. Свет: мягкий студийный из большого софтбокса, мягкая тень под предметом, резкость по всему предмету. Не должно быть: чужих логотипов, названий заводов и брендов, водяных знаков, надписей и любого текста, людей и рук, лишних предметов. Итог: квадрат 1200×1200 px, WebP.";Photorealistic catalog product photo. Distinctive for this variant: type thermal gun. Typical product: heaters. Heaters in its typical standard design. Type: thermal gun. Three-quarter view from slightly above, whole item centred, filling about 70% of the frame. Plain seamless light neutral background #F4F6F9, no texture, no horizon line. Soft large-softbox studio lighting, soft contact shadow underneath, sharp focus across the whole item, photorealistic e-commerce catalog product photo, high detail, 85mm lens look, square 1:1, 1200x1200.;text, letters, numbers, logo, brand name, manufacturer marking, watermark, printed label, people, hands, faces, multiple products, cluttered background, props, distorted geometry, extra parts, cartoon, illustration, CGI look, blur, low resolution;текст, буквы, цифры, логотип, бренд, заводская маркировка, водяной знак, этикетка с надписями, люди, руки, лица, несколько предметов, захламленный фон, реквизит, искаженная геометрия, лишние детали, мультяшный стиль, иллюстрация, вид 3D-рендера, размытие, низкое разрешение;https://backend.cable.ru/uploads/catalog/tp-03220-5-65dd8c0dd3fcd.jpg;https://backend.cable.ru/uploads/catalog/prof-03220-6-65dd8c0e96fb3.jpg;https://backend.cable.ru/uploads/catalog/prof-05220-2-65dd8c0f529b3.jpg;https://backend.cable.ru/uploads/catalog/prof06380-3-65dd8c100cc98.jpg;https://backend.cable.ru/uploads/catalog/prof09380-1-65dd8c10d1c40.jpg;;https://cable.ru/thermotechnics/hintek_tp_03220.php;https://cable.ru/thermotechnics/hintek_prof_03220.php;https://cable.ru/thermotechnics/hintek_prof_05220.php;генерация;"Генерация по промпту; за основу — готовый снимок кадра F02541 (тот же ракурс, свет, фон), меняется только отличие подкадра.";photos/F02541-d.webp
F03798-a;F03798;3;17026;Теплотехника;группа «Обогреватели для автосервиса»;изделия группы «Обогреватели для автосервиса»;весь кадр;;весь кадр — снимок кадра;9;"Фотореалистичная предметная фотография для каталога. Подкадр F03798-a — весь кадр F03798 (9 поз.): позиций мало или на фото они одинаковы. Что в кадре: типичное изделие группы «Обогреватели для автосервиса». Как выглядит: Обогреватели для автосервиса в типичном для этого вида исполнении; форму, пропорции и детали — как у типичного изделия этого вида. По данным позиций кадра: тип — инфракрасный обогреватель; исполнение — потолочный, энергосберегающий (56 %). Ракурс и композиция: 3/4 немного сверху, изделие целиком по центру, занимает около 70 % кадра. Фон: светлый нейтральный бесшовный #F4F6F9 без текстуры и горизонта. Свет: мягкий студийный из большого софтбокса, мягкая тень под предметом, резкость по всему предмету. Не должно быть: чужих логотипов, названий заводов и брендов, водяных знаков, надписей и любого текста, людей и рук, лишних предметов. Итог: квадрат 1200×1200 px, WebP.";Photorealistic catalog product photo. Typical product: heaters for auto service. Heaters for auto service in its typical standard design. Type: infrared heater. Three-quarter view from slightly above, whole item centred, filling about 70% of the frame. Plain seamless light neutral background #F4F6F9, no texture, no horizon line. Soft large-softbox studio lighting, soft contact shadow underneath, sharp focus across the whole item, photorealistic e-commerce catalog product photo, high detail, 85mm lens look, square 1:1, 1200x1200.;text, letters, numbers, logo, brand name, manufacturer marking, watermark, printed label, people, hands, faces, multiple products, cluttered background, props, distorted geometry, extra parts, cartoon, illustration, CGI look, blur, low resolution;текст, буквы, цифры, логотип, бренд, заводская маркировка, водяной знак, этикетка с надписями, люди, руки, лица, несколько предметов, захламленный фон, реквизит, искаженная геометрия, лишние детали, мультяшный стиль, иллюстрация, вид 3D-рендера, размытие, низкое разрешение;https://backend.cable.ru/uploads/catalog/ic08-2-65dd8c149c55b.jpg;https://backend.cable.ru/uploads/catalog/ic10-2-65dd8c155b31e.jpg;https://backend.cable.ru/uploads/catalog/ic20-2-65dd8c161856d.jpg;https://backend.cable.ru/uploads/catalog/ic30-1-65dd8c16bb0c4.jpg;https://backend.cable.ru/uploads/catalog/ic40-1-65dd8c17754c9.jpg;;https://cable.ru/thermotechnics/hintek_ic_08.php;https://cable.ru/thermotechnics/hintek_ic_10.php;https://cable.ru/thermotechnics/hintek_ic_20.php;снимок кадра;Отдельный снимок не нужен: на эти позиции встает снимок кадра F03798 (файл photos/F03798.webp).;— (используется photos/F03798.webp)
F04005-a;F04005;5;28333;Теплотехника;"Конвектор электрический (самое частое в группе); группа «Обогреватели 1 кВт»";изделия группы «Обогреватели 1 кВт»;весь кадр;;весь кадр — снимок кадра;3;"Фотореалистичная предметная фотография для каталога. Подкадр F04005-a — весь кадр F04005 (3 поз.): позиций мало или на фото они одинаковы. Что в кадре: типичное изделие группы «Обогреватели 1 кВт» — конвектор электрический (самое частое в группе). Как выглядит: конвектор: плоский металлический корпус с решетками, белый (типично), ножки или кронштейн. По данным позиций кадра: тип — конвектор (67 %); исполнение — напольный, настенный (67 %). Ракурс и композиция: 3/4 немного сверху, изделие целиком по центру, занимает около 70 % кадра. Фон: светлый нейтральный бесшовный #F4F6F9 без текстуры и горизонта. Свет: мягкий студийный из большого софтбокса, мягкая тень под предметом, резкость по всему предмету. Не должно быть: чужих логотипов, названий заводов и брендов, водяных знаков, надписей и любого текста, людей и рук, лишних предметов. Итог: квадрат 1200×1200 px, WebP.";Photorealistic catalog product photo. Typical industrial product. Convector heater, flat white metal housing with grilles. Version: wall floor-standing. Three-quarter view from slightly above, whole item centred, filling about 70% of the frame. Plain seamless light neutral background #F4F6F9, no texture, no horizon line. Soft large-softbox studio lighting, soft contact shadow underneath, sharp focus across the whole item, photorealistic e-commerce catalog product photo, high detail, 85mm lens look, square 1:1, 1200x1200.;text, letters, numbers, logo, brand name, manufacturer marking, watermark, printed label, people, hands, faces, multiple products, cluttered background, props, distorted geometry, extra parts, cartoon, illustration, CGI look, blur, low resolution;текст, буквы, цифры, логотип, бренд, заводская маркировка, водяной знак, этикетка с надписями, люди, руки, лица, несколько предметов, захламленный фон, реквизит, искаженная геометрия, лишние детали, мультяшный стиль, иллюстрация, вид 3D-рендера, размытие, низкое разрешение;https://backend.cable.ru/uploads/catalog/ec7cd14d10f1629876f648b7932404d6-2026-04-03-15-14-10-69cfaf123b34b.jpg;https://backend.cable.ru/uploads/catalog/cc6d66c5a9d0c9adc7cc3f0336cdecfb-2026-04-03-15-14-17-69cfaf1a03e00.jpg;https://backend.cable.ru/uploads/catalog/1a34a89ae2e9dbb8ba928e1d9288067f-2026-04-03-15-14-15-69cfaf182a665.jpg;;;3 фото подкадра;https://cable.ru/thermotechnics/related-obogrevatel_infrakrasnii_tdm_electric_ik_1_kvt_sq2520_1102.php;https://cable.ru/thermotechnics/related-konvektor_elektricheskii_tdm_electric_ek_1000s_1000_vt_termostat_stich_chernii_sq2520_1207.php;https://cable.ru/thermotechnics/related-konvektor_elektricheskii_tdm_electric_ek_1000x_termostat_1000_vt_s_nojkami_belii_sq2520_1211.php;снимок кадра;Отдельный снимок не нужен: на эти позиции встает снимок кадра F04005 (файл photos/F04005.webp).;— (используется photos/F04005.webp)
F04006-a;F04006;5;28334;Теплотехника;"Пушка тепловая (самое частое в группе); группа «Обогреватели для склада»";изделия группы «Обогреватели для склада»;весь кадр;;весь кадр — снимок кадра;3;"Фотореалистичная предметная фотография для каталога. Подкадр F04006-a — весь кадр F04006 (3 поз.): позиций мало или на фото они одинаковы. Что в кадре: типичное изделие группы «Обогреватели для склада» — пушка тепловая (самое частое в группе). Как выглядит: тепловая пушка: цилиндрический корпус с решеткой и ручкой на подставке. По данным позиций кадра: тип — тепловая пушка; исполнение — с термостатом. Ракурс и композиция: 3/4 немного сверху, изделие целиком по центру, занимает около 70 % кадра. Фон: светлый нейтральный бесшовный #F4F6F9 без текстуры и горизонта. Свет: мягкий студийный из большого софтбокса, мягкая тень под предметом, резкость по всему предмету. Не должно быть: чужих логотипов, названий заводов и брендов, водяных знаков, надписей и любого текста, людей и рук, лишних предметов. Итог: квадрат 1200×1200 px, WebP.";Photorealistic catalog product photo. Typical product: thermal gun. Heat gun cannon, cylindrical body with grille and handle. Type: thermal gun. Three-quarter view from slightly above, whole item centred, filling about 70% of the frame. Plain seamless light neutral background #F4F6F9, no texture, no horizon line. Soft large-softbox studio lighting, soft contact shadow underneath, sharp focus across the whole item, photorealistic e-commerce catalog product photo, high detail, 85mm lens look, square 1:1, 1200x1200.;text, letters, numbers, logo, brand name, manufacturer marking, watermark, printed label, people, hands, faces, multiple products, cluttered background, props, distorted geometry, extra parts, cartoon, illustration, CGI look, blur, low resolution;текст, буквы, цифры, логотип, бренд, заводская маркировка, водяной знак, этикетка с надписями, люди, руки, лица, несколько предметов, захламленный фон, реквизит, искаженная геометрия, лишние детали, мультяшный стиль, иллюстрация, вид 3D-рендера, размытие, низкое разрешение;https://backend.cable.ru/uploads/catalog/424c15f8d99ed100876326bb4f216807-2026-04-03-15-14-04-69cfaf0ca9a7c.jpg;https://backend.cable.ru/uploads/catalog/9687f9386886d370dcc67684d73cb59c-2026-04-03-15-14-06-69cfaf0ee24e1.jpg;https://backend.cable.ru/uploads/catalog/5591c050d587b66c1c331df7e0072fab-2026-04-03-15-14-08-69cfaf109d2c5.jpg;;;3 фото подкадра;https://cable.ru/thermotechnics/related-pushka_teplovaya_tdm_electric_tpk_v_kruglom_korpuse_2_kvt_sq2520_0001.php;https://cable.ru/thermotechnics/related-pushka_teplovaya_tdm_electric_tpk_v_kruglom_korpuse_5_kvt_sq2520_0003.php;https://cable.ru/thermotechnics/related-pushka_teplovaya_tdm_electric_tpk_v_kruglom_korpuse_9_kvt_sq2520_0004.php;снимок кадра;Отдельный снимок не нужен: на эти позиции встает снимок кадра F04006 (файл photos/F04006.webp).;— (используется photos/F04006.webp)
F04148-a;F04148;5;28714;Теплотехника;"Конвектор электрический (самое частое в группе); группа «Обогреватели 1,5 кВт»";изделия группы «Обогреватели 1,5 кВт»;весь кадр;;весь кадр — снимок кадра;2;"Фотореалистичная предметная фотография для каталога. Подкадр F04148-a — весь кадр F04148 (2 поз.): позиций мало или на фото они одинаковы. Что в кадре: типичное изделие группы «Обогреватели 1,5 кВт» — конвектор электрический (самое частое в группе). Как выглядит: конвектор: плоский металлический корпус с решетками, белый (типично), ножки или кронштейн. По данным позиций кадра: тип — конвектор (50 %); исполнение — напольный, настенный (50 %). Ракурс и композиция: 3/4 немного сверху, изделие целиком по центру, занимает около 70 % кадра. Фон: светлый нейтральный бесшовный #F4F6F9 без текстуры и горизонта. Свет: мягкий студийный из большого софтбокса, мягкая тень под предметом, резкость по всему предмету. Не должно быть: чужих логотипов, названий заводов и брендов, водяных знаков, надписей и любого текста, людей и рук, лишних предметов. Итог: квадрат 1200×1200 px, WebP.";Photorealistic catalog product photo. Typical industrial product. Convector heater, flat white metal housing with grilles. Version: wall floor-standing. Three-quarter view from slightly above, whole item centred, filling about 70% of the frame. Plain seamless light neutral background #F4F6F9, no texture, no horizon line. Soft large-softbox studio lighting, soft contact shadow underneath, sharp focus across the whole item, photorealistic e-commerce catalog product photo, high detail, 85mm lens look, square 1:1, 1200x1200.;text, letters, numbers, logo, brand name, manufacturer marking, watermark, printed label, people, hands, faces, multiple products, cluttered background, props, distorted geometry, extra parts, cartoon, illustration, CGI look, blur, low resolution;текст, буквы, цифры, логотип, бренд, заводская маркировка, водяной знак, этикетка с надписями, люди, руки, лица, несколько предметов, захламленный фон, реквизит, искаженная геометрия, лишние детали, мультяшный стиль, иллюстрация, вид 3D-рендера, размытие, низкое разрешение;https://backend.cable.ru/uploads/catalog/ec7cd14d10f1629876f648b7932404d6-2026-04-03-15-14-10-69cfaf123b34b.jpg;https://backend.cable.ru/uploads/catalog/7591ef921a9ad36de8c77cd4a8aec0dd-2026-04-03-15-14-19-69cfaf1b98c99.jpg;;;;2 фото подкадра;https://cable.ru/thermotechnics/related-obogrevatel_infrakrasnii_tdm_electric_ik_1_5_kvt_sq2520_1103.php;https://cable.ru/thermotechnics/related-konvektor_elektricheskii_tdm_electric_ek_1500x_termostat_1500_vt_s_nojkami_belii_sq2520_1212.php;;снимок кадра;Отдельный снимок не нужен: на эти позиции встает снимок кадра F04148 (файл photos/F04148.webp).;— (используется photos/F04148.webp)
F04149-a;F04149;5;28715;Теплотехника;"Конвектор электрический (самое частое в группе); группа «Обогреватели 2 кВт»";изделия группы «Обогреватели 2 кВт»;весь кадр;;весь кадр — снимок кадра;2;"Фотореалистичная предметная фотография для каталога. Подкадр F04149-a — весь кадр F04149 (2 поз.): позиций мало или на фото они одинаковы. Что в кадре: типичное изделие группы «Обогреватели 2 кВт» — конвектор электрический (самое частое в группе). Как выглядит: конвектор: плоский металлический корпус с решетками, белый (типично), ножки или кронштейн. По данным позиций кадра: тип — конвектор (50 %); исполнение — напольный, настенный (50 %). Ракурс и композиция: 3/4 немного сверху, изделие целиком по центру, занимает около 70 % кадра. Фон: светлый нейтральный бесшовный #F4F6F9 без текстуры и горизонта. Свет: мягкий студийный из большого софтбокса, мягкая тень под предметом, резкость по всему предмету. Не должно быть: чужих логотипов, названий заводов и брендов, водяных знаков, надписей и любого текста, людей и рук, лишних предметов. Итог: квадрат 1200×1200 px, WebP.";Photorealistic catalog product photo. Typical industrial product. Convector heater, flat white metal housing with grilles. Version: wall floor-standing. Three-quarter view from slightly above, whole item centred, filling about 70% of the frame. Plain seamless light neutral background #F4F6F9, no texture, no horizon line. Soft large-softbox studio lighting, soft contact shadow underneath, sharp focus across the whole item, photorealistic e-commerce catalog product photo, high detail, 85mm lens look, square 1:1, 1200x1200.;text, letters, numbers, logo, brand name, manufacturer marking, watermark, printed label, people, hands, faces, multiple products, cluttered background, props, distorted geometry, extra parts, cartoon, illustration, CGI look, blur, low resolution;текст, буквы, цифры, логотип, бренд, заводская маркировка, водяной знак, этикетка с надписями, люди, руки, лица, несколько предметов, захламленный фон, реквизит, искаженная геометрия, лишние детали, мультяшный стиль, иллюстрация, вид 3D-рендера, размытие, низкое разрешение;https://backend.cable.ru/uploads/catalog/ec7cd14d10f1629876f648b7932404d6-2026-04-03-15-14-10-69cfaf123b34b.jpg;https://backend.cable.ru/uploads/catalog/809057bb8965095248db70153d489985-2026-04-03-15-14-25-69cfaf218b099.jpg;;;;2 фото подкадра;https://cable.ru/thermotechnics/related-obogrevatel_infrakrasnii_tdm_electric_ik_2_kvt_sq2520_1104.php;https://cable.ru/thermotechnics/related-konvektor_elektricheskii_tdm_electric_ek_2000x_termostat_2000_vt_s_nojkami_belii_sq2520_1213.php;;снимок кадра;Отдельный снимок не нужен: на эти позиции встает снимок кадра F04149 (файл photos/F04149.webp).;— (используется photos/F04149.webp)
F04519-a;F04519;5;29297;Теплотехника;группа «Обогреватели 0,3 кВт»;изделия группы «Обогреватели 0,3 кВт»;весь кадр;;весь кадр — снимок кадра;1;"Фотореалистичная предметная фотография для каталога. Подкадр F04519-a — весь кадр F04519 (1 поз.): позиций мало или на фото они одинаковы. Что в кадре: типичное изделие группы «Обогреватели 0,3 кВт». Как выглядит: Обогреватели 0,3 кВт в типичном для этого вида исполнении; форму, пропорции и детали — как у типичного изделия этого вида. По данным позиций кадра: тип — инфракрасный обогреватель; исполнение — настенный, энергосберегающий. Ракурс и композиция: 3/4 немного сверху, изделие целиком по центру, занимает около 70 % кадра. Фон: светлый нейтральный бесшовный #F4F6F9 без текстуры и горизонта. Свет: мягкий студийный из большого софтбокса, мягкая тень под предметом, резкость по всему предмету. Не должно быть: чужих логотипов, названий заводов и брендов, водяных знаков, надписей и любого текста, людей и рук, лишних предметов. Итог: квадрат 1200×1200 px, WebP.";Photorealistic catalog product photo. Typical product: heaters 0,3 kW. Heaters 0,3 kW in its typical standard design. Type: infrared heater. Three-quarter view from slightly above, whole item centred, filling about 70% of the frame. Plain seamless light neutral background #F4F6F9, no texture, no horizon line. Soft large-softbox studio lighting, soft contact shadow underneath, sharp focus across the whole item, photorealistic e-commerce catalog product photo, high detail, 85mm lens look, square 1:1, 1200x1200.;text, letters, numbers, logo, brand name, manufacturer marking, watermark, printed label, people, hands, faces, multiple products, cluttered background, props, distorted geometry, extra parts, cartoon, illustration, CGI look, blur, low resolution;текст, буквы, цифры, логотип, бренд, заводская маркировка, водяной знак, этикетка с надписями, люди, руки, лица, несколько предметов, захламленный фон, реквизит, искаженная геометрия, лишние детали, мультяшный стиль, иллюстрация, вид 3D-рендера, размытие, низкое разрешение;https://backend.cable.ru/uploads/catalog/iw4-65dd8c2148c79.jpg;;;;;1 фото подкадра;https://cable.ru/thermotechnics/hintek_iw_03.php;;;снимок кадра;Отдельный снимок не нужен: на эти позиции встает снимок кадра F04519 (файл photos/F04519.webp).;— (используется photos/F04519.webp)
F04520-a;F04520;5;29298;Теплотехника;группа «Обогреватели 0,7 кВт»;изделия группы «Обогреватели 0,7 кВт»;весь кадр;;весь кадр — снимок кадра;1;"Фотореалистичная предметная фотография для каталога. Подкадр F04520-a — весь кадр F04520 (1 поз.): позиций мало или на фото они одинаковы. Что в кадре: типичное изделие группы «Обогреватели 0,7 кВт». Как выглядит: Обогреватели 0,7 кВт в типичном для этого вида исполнении; форму, пропорции и детали — как у типичного изделия этого вида. По данным позиций кадра: тип — инфракрасный обогреватель; исполнение — настенный, энергосберегающий. Ракурс и композиция: 3/4 немного сверху, изделие целиком по центру, занимает около 70 % кадра. Фон: светлый нейтральный бесшовный #F4F6F9 без текстуры и горизонта. Свет: мягкий студийный из большого софтбокса, мягкая тень под предметом, резкость по всему предмету. Не должно быть: чужих логотипов, названий заводов и брендов, водяных знаков, надписей и любого текста, людей и рук, лишних предметов. Итог: квадрат 1200×1200 px, WebP.";Photorealistic catalog product photo. Typical product: heaters 0,7 kW. Heaters 0,7 kW in its typical standard design. Type: infrared heater. Three-quarter view from slightly above, whole item centred, filling about 70% of the frame. Plain seamless light neutral background #F4F6F9, no texture, no horizon line. Soft large-softbox studio lighting, soft contact shadow underneath, sharp focus across the whole item, photorealistic e-commerce catalog product photo, high detail, 85mm lens look, square 1:1, 1200x1200.;text, letters, numbers, logo, brand name, manufacturer marking, watermark, printed label, people, hands, faces, multiple products, cluttered background, props, distorted geometry, extra parts, cartoon, illustration, CGI look, blur, low resolution;текст, буквы, цифры, логотип, бренд, заводская маркировка, водяной знак, этикетка с надписями, люди, руки, лица, несколько предметов, захламленный фон, реквизит, искаженная геометрия, лишние детали, мультяшный стиль, иллюстрация, вид 3D-рендера, размытие, низкое разрешение;https://backend.cable.ru/uploads/catalog/iw-65dd8c220b79b.jpg;;;;;1 фото подкадра;https://cable.ru/thermotechnics/hintek_iw_07.php;;;снимок кадра;Отдельный снимок не нужен: на эти позиции встает снимок кадра F04520 (файл photos/F04520.webp).;— (используется photos/F04520.webp)
F04521-a;F04521;5;29299;Теплотехника;"Обогреватель инфракрасный (самое частое в группе); группа «Обогреватели для террасы»";изделия группы «Обогреватели для террасы»;весь кадр;;весь кадр — снимок кадра;1;"Фотореалистичная предметная фотография для каталога. Подкадр F04521-a — весь кадр F04521 (1 поз.): позиций мало или на фото они одинаковы. Что в кадре: типичное изделие группы «Обогреватели для террасы» — обогреватель инфракрасный (самое частое в группе). Как выглядит: обогреватель: корпус с решеткой/излучателем и регулятором. По данным позиций кадра: тип — инфракрасный обогреватель; исполнение — потолочный. Ракурс и композиция: 3/4 немного сверху, изделие целиком по центру, занимает около 70 % кадра. Фон: светлый нейтральный бесшовный #F4F6F9 без текстуры и горизонта. Свет: мягкий студийный из большого софтбокса, мягкая тень под предметом, резкость по всему предмету. Не должно быть: чужих логотипов, названий заводов и брендов, водяных знаков, надписей и любого текста, людей и рук, лишних предметов. Итог: квадрат 1200×1200 px, WebP.";"Photorealistic catalog product photo. Typical product: infrared heater. Heater with grille or emitter and control. Type: infrared heater; version: ceiling. Three-quarter view from slightly above, whole item centred, filling about 70% of the frame. Plain seamless light neutral background #F4F6F9, no texture, no horizon line. Soft large-softbox studio lighting, soft contact shadow underneath, sharp focus across the whole item, photorealistic e-commerce catalog product photo, high detail, 85mm lens look, square 1:1, 1200x1200.";text, letters, numbers, logo, brand name, manufacturer marking, watermark, printed label, people, hands, faces, multiple products, cluttered background, props, distorted geometry, extra parts, cartoon, illustration, CGI look, blur, low resolution;текст, буквы, цифры, логотип, бренд, заводская маркировка, водяной знак, этикетка с надписями, люди, руки, лица, несколько предметов, захламленный фон, реквизит, искаженная геометрия, лишние детали, мультяшный стиль, иллюстрация, вид 3D-рендера, размытие, низкое разрешение;https://backend.cable.ru/uploads/catalog/ec7cd14d10f1629876f648b7932404d6-2026-04-03-15-14-10-69cfaf123b34b.jpg;;;;;1 фото подкадра;https://cable.ru/thermotechnics/related-obogrevatel_infrakrasnii_tdm_electric_ik_0_8_kvt_sq2520_1101.php;;;снимок кадра;Отдельный снимок не нужен: на эти позиции встает снимок кадра F04521 (файл photos/F04521.webp).;— (используется photos/F04521.webp)
F04522-a;F04522;5;29300;Теплотехника;"Завеса тепловая (самое частое в группе); группа «Тепловые завесы»";изделия группы «Тепловые завесы»;весь кадр;;весь кадр — снимок кадра;1;"Фотореалистичная предметная фотография для каталога. Подкадр F04522-a — весь кадр F04522 (1 поз.): позиций мало или на фото они одинаковы. Что в кадре: типичное изделие группы «Тепловые завесы» — завеса тепловая (самое частое в группе). Как выглядит: завеса тепловая в типичном для этого вида исполнении; форму, пропорции и детали — как у типичного изделия этого вида. По данным позиций кадра: тип — тепловая завеса; исполнение — стич-элемент. Ракурс и композиция: 3/4 немного сверху, изделие целиком по центру, занимает около 70 % кадра. Фон: светлый нейтральный бесшовный #F4F6F9 без текстуры и горизонта. Свет: мягкий студийный из большого софтбокса, мягкая тень под предметом, резкость по всему предмету. Не должно быть: чужих логотипов, названий заводов и брендов, водяных знаков, надписей и любого текста, людей и рук, лишних предметов. Итог: квадрат 1200×1200 px, WebP.";Photorealistic catalog product photo. Typical industrial product. The product in its typical standard design. Three-quarter view from slightly above, whole item centred, filling about 70% of the frame. Plain seamless light neutral background #F4F6F9, no texture, no horizon line. Soft large-softbox studio lighting, soft contact shadow underneath, sharp focus across the whole item, photorealistic e-commerce catalog product photo, high detail, 85mm lens look, square 1:1, 1200x1200.;text, letters, numbers, logo, brand name, manufacturer marking, watermark, printed label, people, hands, faces, multiple products, cluttered background, props, distorted geometry, extra parts, cartoon, illustration, CGI look, blur, low resolution;текст, буквы, цифры, логотип, бренд, заводская маркировка, водяной знак, этикетка с надписями, люди, руки, лица, несколько предметов, захламленный фон, реквизит, искаженная геометрия, лишние детали, мультяшный стиль, иллюстрация, вид 3D-рендера, размытие, низкое разрешение;https://backend.cable.ru/uploads/catalog/2ffed7e4ae1d1e722a3f7f379eb29e2d-2026-04-03-15-14-27-69cfaf234285c.jpg;;;;;1 фото подкадра;https://cable.ru/thermotechnics/related-zavesa_teplovaya_tdm_electric_zts_2_5000_vt_regulirovka_moschnosti_2500_5000_vt_sq2520_1502.php;;;снимок кадра;Отдельный снимок не нужен: на эти позиции встает снимок кадра F04522 (файл photos/F04522.webp).;— (используется photos/F04522.webp)
